Banner,Banner_ID,CTA_Audited,CTA_Compliance,CTA_Count,CTA_Hurdle_Rate_Percentage,CTA_Percentage,Cabinet_Care_Audited,Cabinet_Care_Compliance,Cabinet_Care_Count,Cabinet_Care_Hurdle_Rate_Percentage,Cabinet_Care_Percentage,Cabinet_Fill_Audited,Cabinet_Fill_Compliance,Cabinet_Fill_Count,Cabinet_Fill_Hurdle_Rate_Percentage,Cabinet_Fill_Percentage,Cabinet_Type_Audited,Cabinet_Type_Compliance,Cabinet_Type_Count,Cabinet_Type_Hurdle_Rate_Percentage,Cabinet_Type_Percentage,Category_ID,Channel,City,City_ID,Commune,Country,Customer,Customer_ID,Date_of_audit,Division_ID,Field_Execution_Manager,Field_Execution_Manager_ID,Field_Sales_Manager,Field_Sales_Manager_ID,Local_Channel,Local_Channel_ID,Local_Outlet_Name,Local_Product_Category,Local_Product_Market,Local_Subchannel,Location,Location_Audited,Location_Compliance,Location_Count,Location_Hurdle_Rate_Percentage,Location_Percentage,Market_ID,NPD_Audited,NPD_Count,NPD_Hurdle_Rate_Percentage,NPD_Percentage,OSA_Audited,OSA_Count,OSA_Hurdle_Rate_Percentage,OSA_Percentage,Outlet_Classification,Outlet_ID,POS_Kits_Audited,POS_Kits_Compliance,POS_Kits_Count,POS_Kits_Hurdle_Rate_Percentage,POS_Kits_Percentage,PSP_Audited,PSP_Compliance,PSP_Count,PSP_Hurdle_Rate_Percentage,PSP_Percentage,PS_Category,PS_Compliance,PS_Compliance_Target,PV_Audited,PV_Compliance,PV_Count,Pack_Compliance,Place_Compliance,Planogram_Audited,Planogram_Compliance,Planogram_Count,Planogram_Hurdle_Rate_Percentage,Planogram_Percentage,Price_Compliance,Price_Visibility_Hurdle_Rate_Percentage,Price_Visibility_Percentage,Priority_Promo_Audited,Priority_Promo_Compliance,Priority_Promo_Count,Priority_Promo_Hurdle_Rate_Percentage,Priority_Promo_Percentage,Product_Category,Product_Compliance,Product_Division,Product_Market,Promo_Compliance,Proposition_Compliance,Province,Record_Id,Region,Rural_Urban,SOC_Audited,SOC_Compliance,SOC_Count,SOF_Audited,SOF_Compliance,SOF_Count,SOF_Hurdle_Rate_Percentage,SOF_Percentage,SOS_Audited,SOS_Compliance,SOS_Count,SOS_Hurdle_Rate_Percentage,SOS_Percentage,SP_Audited,SP_Compliance,SP_Count,SSP_Audited,SSP_Compliance,SSP_Count,Sales_Org,Sales_area,Sales_region,Sales_route,Sales_territory,Secondary_Placement_Hurdle_Rate_Percentage,Secondary_Placement_Percentage,Share_of_Cabinet_Hurdle_Rate_Percentage,Share_of_Cabinet_Percentage,Store_Operations_Manager,Store_Operations_Manager_ID,Strategic_Price_Hurdle_Rate_Percentage,Strategic_Price_Percentage,Subchannel,Top_Customer,Trade_Format,X4P_5P_6P
Banner 1,1,9,1,0,0.231,0.654,9,1,0,0.404,0.157,85,0,3,0.873,0.153,0,1,0,0.518,0.371,1,Hypermarket,City 1,1,Commune 1,Indonesia,Customer 1,1,2016-10-06,1,Manager 01,1,Manager 01,1,Channel 1,1,Outlet 1,Skin Care,Market 1,Local Subchannel 57,Street,0,0,0,0.11,0.021,1,9,9,0,0,9,9,0.568,0.818,MIX,2,3,1,3,0.88,0.762,0,1,0,0.586,0.586,Gifting,1,0,3,1,3,1,1,0,1,0,0.292,0.178,1,0.586,0.586,9,0,8,0.11,0.021,Skin Care,1,HPC,Market 1,1,1,Province 1,HPC&F2016-10-0621,North,Urban,9,1,0,2,1,2,0.11,0.021,9,1,0,0.11,0.021,0,1,0,0,1,0,HPC&F,Area 1,Reg 1,Route 1,Territory 1,0.586,0.586,0.751,0.477,Manager 3,1,0.11,0.021,Hypermarket,Yes,MT,6P
Banner 1,1,5,1,0,0.592,0.169,5,1,0,0.382,0.536,53,0,46,0.359,0.182,0,1,0,0.704,0.792,2,Hypermarket,City 1,1,Commune 1,Indonesia,Customer 1,1,2016-09-06,2,Manager 01,2,Manager 01,2,Channel 1,1,Outlet 1,Hair,Market 1,Local Subchannel 30,Street,0,0,0,0.777,0.629,2,5,5,0,0,5,5,0.068,0.941,MIX,3,3,1,3,0.073,0.24,0,1,0,0.236,0.236,Gifting,0,0,1,1,1,1,0,0,1,0,0.201,0.053,1,0.236,0.236,5,1,5,0.777,0.629,Hair,0,HPC,Market 1,1,1,Province 1,HPC&F2016-09-0632,North,Urban,5,1,0,1,1,1,0.777,0.629,5,1,0,0.777,0.629,0,1,0,0,1,0,HPC&F,Area 1,Reg 1,Route 1,Territory 1,0.236,0.236,0.987,0.061,Manager 4,2,0.777,0.629,Hypermarket,Yes,MT,6P
Banner 1,1,3,1,3,0.739,0.464,3,1,3,0.965,0.56,65,1,67,0.897,0.292,3,1,3,0.181,0.284,2,Hypermarket,City 1,1,Commune 1,Indonesia,Customer 1,1,2016-08-06,2,Manager 01,2,Manager 01,2,Channel 1,1,Outlet 1,Ice Cream,Market 1,Local Subchannel 43,Market,3,1,3,0.507,0.896,2,3,3,0.497,0.497,3,3,0.398,0.576,MIX,4,0,1,0,0.046,0.8,3,1,3,0.147,0.147,Men's Zone,1,0.497,1,0,1,1,1,3,1,3,0.055,0.174,1,0.147,0.147,3,1,3,0.507,0.896,Ice Cream,1,Beverages & Refreshments,Market 1,1,0,Province 1,HPC&F2016-08-0642,North,Urban,3,1,3,0,0,0,0.507,0.896,3,1,3,0.507,0.896,3,1,3,3,1,3,HPC&F,Area 1,Reg 1,Route 1,Territory 1,0.147,0.147,0.04,0.392,Manager 5,2,0.507,0.896,Hypermarket,Yes,MT,6P
Banner 1,1,1,1,3,0.819,0.533,1,1,3,0.932,0.274,38,1,14,0.071,0.453,2,1,3,0.618,0.372,2,Hypermarket,City 1,1,Commune 1,Indonesia,Customer 1,1,2016-07-06,2,Manager 01,2,Manager 01,2,Channel 1,1,Outlet 1,Ice Cream,Market 1,Local Subchannel 42,Street,2,1,3,0.706,0.213,2,1,1,0.487,0.487,1,1,0.299,0.698,MIX,5,2,1,2,0.74,0.888,3,1,3,0.459,0.459,Gifting,1,0.487,0,1,0,1,1,3,1,3,0.135,0.721,1,0.459,0.459,1,1,1,0.706,0.213,Ice Cream,1,Beverages & Refreshments,Market 1,1,1,Province 1,HPC&F2016-07-0652,North,Urban,1,1,3,3,0,3,0.706,0.213,1,1,3,0.706,0.213,3,1,3,3,1,3,HPC&F,Area 1,Reg 1,Route 1,Territory 1,0.459,0.459,0.799,0.387,Manager 6,2,0.706,0.213,Hypermarket,Yes,MT,6P
Banner 1,1,3,1,3,0.83,0.88,3,1,3,0.633,0.61,93,1,35,0.73,0.697,2,1,3,0.93,0.819,3,Hypermarket,City 1,1,Commune 1,Indonesia,Customer 1,1,2016-06-06,3,Manager 02,3,Manager 02,3,Channel 1,1,Outlet 1,Ice Cream,Market 1,Local Subchannel 47,Market,2,1,3,0.869,0.35,3,3,3,0.677,0.677,3,3,0.512,0.708,MIX,6,0,1,0,0.513,0.029,3,1,3,0.647,0.647,Gifting,1,0.677,1,1,1,1,0,3,1,3,0.148,0.925,1,0.647,0.647,3,1,3,0.869,0.35,Ice Cream,1,Beverages & Refreshments,Market 1,1,1,Province 1,HPC&F2016-06-0663,North,Urban,3,1,3,1,0,0,0.869,0.35,3,0,3,0.869,0.35,3,1,3,3,1,3,HPC&F,Area 1,Reg 1,Route 1,Territory 1,0.647,0.647,0.719,0.228,Manager 7,3,0.869,0.35,Hypermarket,Yes,MT,6P
Banner 1,1,9,1,0,0.822,0.872,9,1,0,0.815,0.006,28,0,5,0.136,0.856,0,1,0,0.119,0.266,3,Hypermarket,City 1,1,Commune 1,Indonesia,Customer 1,1,2016-05-06,3,Manager 02,3,Manager 02,3,Channel 1,1,Outlet 1,Skin Care,Market 1,Local Subchannel 7,Street,0,0,0,0.203,0.599,3,9,9,0,0,9,9,0.436,0.144,MIX,7,0,1,0,0.154,0.423,0,1,0,0.812,0.812,Men's Zone,1,0,2,0,2,1,0,0,1,0,0.732,0.957,1,0.812,0.812,9,1,9,0.203,0.599,Skin Care,1,HPC,Market 1,1,1,Province 1,IC2016-05-0673,North,Urban,9,1,0,0,1,0,0.203,0.599,9,1,0,0.203,0.599,0,1,0,0,1,0,IC,Area 1,Reg 1,Route 1,Territory 1,0.812,0.812,0.555,0.946,Manager 8,3,0.203,0.599,Hypermarket,Yes,MT,6P
Banner 1,1,5,1,0,0.069,0.39,5,1,0,0.838,0.263,80,0,74,0.185,0.589,0,1,0,0.911,0.124,3,Hypermarket,City 1,1,Commune 1,Indonesia,Customer 1,1,2016-04-06,3,Manager 03,3,Manager 03,3,Channel 1,1,Outlet 1,Hair,Market 1,Local Subchannel 24,Street,0,0,0,0.75,0.51,3,5,5,0,0,5,5,0.44,0.586,MIX,8,3,1,3,0.28,0.351,0,1,0,0.571,0.571,Men's Zone,1,0,0,1,0,1,0,0,1,0,0.878,0.656,1,0.571,0.571,5,1,5,0.75,0.51,Hair,1,HPC,Market 1,1,1,Province 1,HPC&F2016-04-0683,North,Urban,5,1,0,1,1,0,0.75,0.51,5,1,0,0.75,0.51,0,1,0,0,1,0,HPC&F,Area 1,Reg 1,Route 1,Territory 1,0.571,0.571,0.834,0.652,Manager 9,3,0.75,0.51,Hypermarket,Yes,MT,6P
Banner 1,1,3,1,3,0.499,0.723,3,0,3,0.34,0.859,81,1,17,0.586,0.767,3,1,3,0.783,0.023,4,Hypermarket,City 1,1,Commune 1,Indonesia,Customer 1,1,2016-03-06,4,Manager 03,4,Manager 03,4,Channel 1,1,Outlet 1,Ice Cream,Market 1,Local Subchannel 34,Market,2,1,3,0.913,0.29,4,3,3,0.507,0.507,3,3,0.645,0.387,MIX,9,0,1,0,0.076,0.476,3,1,3,0.337,0.337,Men's Zone,1,0.507,0,1,0,1,1,3,1,3,0.029,0.349,1,0.337,0.337,3,1,3,0.913,0.29,Ice Cream,1,Beverages & Refreshments,Market 1,1,1,Province 1,IC2016-03-0694,North,Urban,3,1,3,0,0,0,0.913,0.29,3,1,3,0.913,0.29,3,1,3,3,1,3,IC,Area 1,Reg 1,Route 1,Territory 1,0.337,0.337,0.066,0.825,Manager 10,4,0.913,0.29,Hypermarket,Yes,MT,6P
Banner 1,1,1,1,3,1,0.768,1,0,3,0.699,0.401,36,1,13,0.659,0.485,1,1,3,0.071,0.938,4,Hypermarket,City 1,1,Commune 1,Indonesia,Customer 1,1,2016-12-06,4,Manager 04,4,Manager 04,4,Channel 1,1,Outlet 1,Ice Cream,Market 1,Local Subchannel 6,Street,1,1,3,0.963,0.235,4,1,1,0.71,0.71,1,1,0.869,0.545,MIX,10,1,1,1,0.128,0.361,3,1,3,0.344,0.344,Men's Zone,1,0.71,1,0,1,1,1,3,1,3,0.277,0.276,1,0.344,0.344,1,1,1,0.963,0.235,Ice Cream,1,Beverages & Refreshments,Market 1,1,1,Province 1,HPC&F2016-12-06104,North,Urban,1,1,3,1,0,0,0.963,0.235,1,1,3,0.963,0.235,3,1,3,3,1,3,HPC&F,Area 1,Reg 1,Route 1,Territory 1,0.344,0.344,0.261,0.646,Manager 4,4,0.963,0.235,Hypermarket,Yes,MT,6P
Banner 1,1,3,1,3,0.857,0.459,3,1,3,0.945,0.576,83,1,4,0.254,0.972,2,1,3,0.67,0.562,4,Hypermarket,City 1,1,Commune 1,Indonesia,Customer 1,1,2016-11-06,4,Manager 04,4,Manager 04,4,Channel 1,1,Outlet 1,Ice Cream,Market 1,Local Subchannel 50,Market,2,1,3,0.022,0.576,4,3,3,0.483,0.483,3,3,0.266,0.789,MIX,11,1,1,0,0.379,0.731,3,1,3,0.267,0.267,Gifting,1,0.483,0,1,0,1,1,3,1,3,0.57,0.028,1,0.267,0.267,3,1,3,0.022,0.576,Ice Cream,1,Beverages & Refreshments,Market 1,1,0,Province 1,HPC&F2016-11-06114,North,Urban,3,1,3,2,0,2,0.022,0.576,3,1,3,0.022,0.576,3,1,3,3,1,3,HPC&F,Area 1,Reg 1,Route 1,Territory 1,0.267,0.267,0.303,0.985,Manager 5,4,0.022,0.576,Hypermarket,Yes,MT,6P
Banner 1,1,9,1,0,0.783,0.494,9,1,0,0.785,0.76,38,0,20,0.637,0.545,0,1,0,0.356,0.41,5,Hypermarket,City 1,1,Commune 1,Indonesia,Customer 1,1,2016-10-06,5,Manager 04,5,Manager 04,5,Channel 1,1,Outlet 1,Skin Care,Market 1,Local Subchannel 49,Market,0,0,0,0.333,0.941,5,9,9,0,0,9,9,0.071,0.643,MIX,12,0,1,0,0.852,0.173,0,1,0,0.369,0.369,Men's Zone,1,0,0,0,0,1,0,0,1,0,0.666,0.071,1,0.369,0.369,9,1,9,0.333,0.941,Skin Care,1,HPC,Market 1,1,1,Province 1,HPC&F2016-10-06125,North,Urban,9,1,0,3,1,3,0.333,0.941,9,0,0,0.333,0.941,0,1,0,0,1,0,HPC&F,Area 1,Reg 1,Route 1,Territory 1,0.369,0.369,0.008,0.369,Manager 6,5,0.333,0.941,Hypermarket,Yes,MT,6P
Banner 1,1,5,1,0,0.713,0.303,5,1,0,0.223,0.205,50,0,98,0.243,0.007,0,1,0,0.661,0.341,5,Hypermarket,City 1,1,Commune 1,Indonesia,Customer 1,1,2016-09-06,5,Manager 05,5,Manager 05,5,Channel 1,1,Outlet 1,Hair,Market 1,Local Subchannel 41,Street,0,0,0,0.249,0.942,5,5,5,0,0,5,5,0.569,0.629,MIX,13,1,1,0,0.112,0.803,0,1,0,0.099,0.099,Gifting,1,0,1,1,1,1,0,0,1,0,0.042,0.772,1,0.099,0.099,5,1,5,0.249,0.942,Hair,1,HPC,Market 1,1,1,Province 1,HPC&F2016-09-06135,North,Urban,5,1,0,0,1,0,0.249,0.942,5,1,0,0.249,0.942,0,1,0,0,1,0,HPC&F,Area 1,Reg 1,Route 1,Territory 1,0.099,0.099,0.082,0.331,Manager 7,5,0.249,0.942,Hypermarket,Yes,MT,6P
Banner 1,1,3,1,3,0.772,0.8,3,1,3,0.15,0.078,59,1,22,0.212,0.139,1,1,3,0.804,0.47,5,Hypermarket,City 1,1,Commune 1,Indonesia,Customer 1,1,2016-08-06,5,Manager 05,5,Manager 05,5,Channel 1,1,Outlet 1,Ice Cream,Market 1,Local Subchannel 56,Market,1,1,3,0.365,0.895,5,3,3,0.757,0.757,3,3,0.044,0.465,MIX,14,3,1,3,0.321,0.068,3,1,3,0.656,0.656,Gifting,0,0.757,3,1,3,1,1,3,1,3,0.413,0.054,1,0.656,0.656,3,0,2,0.365,0.895,Ice Cream,1,Beverages & Refreshments,Market 1,0,1,Province 1,IC2016-08-06145,North,Urban,3,1,3,0,0,0,0.365,0.895,3,1,3,0.365,0.895,3,1,3,3,1,3,IC,Area 1,Reg 1,Route 1,Territory 1,0.656,0.656,0.138,0.922,Manager 5,5,0.365,0.895,Hypermarket,Yes,MT,6P
Banner 1,1,1,1,3,0.763,0.241,1,1,3,0.288,0.077,40,0,94,0.804,0.206,2,1,3,0.12,0.3,6,Hypermarket,City 1,1,Commune 1,Indonesia,Customer 1,1,2016-07-06,6,Manager 05,6,Manager 05,6,Channel 1,1,Outlet 1,Ice Cream,Market 1,Local Subchannel 44,Street,2,1,3,0.348,0.849,6,1,1,0.693,0.693,1,1,0.077,0.94,MIX,15,1,1,1,0.393,0.87,3,1,3,0.43,0.43,Gifting,1,0.693,1,0,1,1,1,3,1,3,0.716,0.473,1,0.43,0.43,1,1,1,0.348,0.849,Ice Cream,1,Beverages & Refreshments,Market 1,1,1,Province 1,HPC&F2016-07-06156,North,Urban,1,1,3,0,0,0,0.348,0.849,1,1,3,0.348,0.849,3,1,3,3,1,3,HPC&F,Area 1,Reg 1,Route 1,Territory 1,0.43,0.43,0.662,0.129,Manager 6,6,0.348,0.849,Hypermarket,Yes,MT,6P
Banner 1,1,3,1,3,0.087,0.163,3,1,3,0.839,0.457,15,1,59,0.122,0.015,3,1,3,0.834,0.374,6,Hypermarket,City 1,1,Commune 1,Indonesia,Customer 1,1,2016-06-06,6,Manager 05,6,Manager 05,6,Channel 1,1,Outlet 1,Ice Cream,Market 1,Local Subchannel 16,Market,3,1,3,0.407,0.916,6,3,3,0.473,0.473,3,3,0.53,0.898,MIX,16,3,1,3,0.479,0.859,3,0,3,0.076,0.076,Gifting,1,0.473,0,1,0,1,0,3,1,3,0.104,0.909,1,0.076,0.076,3,1,3,0.407,0.916,Ice Cream,1,Beverages & Refreshments,Market 1,1,1,Province 1,HPC&F2016-06-06166,North,Urban,3,1,3,2,0,2,0.407,0.916,3,1,3,0.407,0.916,3,1,3,3,1,3,HPC&F,Area 1,Reg 1,Route 1,Territory 1,0.076,0.076,0.147,0.454,Manager 7,6,0.407,0.916,Hypermarket,Yes,MT,6P
Banner 1,1,9,1,0,0.707,0.954,9,1,0,0.456,0.294,80,0,5,0.678,0.034,0,1,0,0.382,0.277,6,Hypermarket,City 1,1,Commune 1,Indonesia,Customer 1,1,2016-05-06,6,Manager 05,6,Manager 05,6,Channel 1,1,Outlet 1,Skin Care,Market 1,Local Subchannel 58,Street,0,0,0,0.906,0.969,6,9,9,0,0,9,9,0.645,0.143,MIX,17,0,1,0,0.615,0.498,0,0,0,0.341,0.341,Men's Zone,1,0,0,0,0,1,0,0,1,0,1,0.129,1,0.341,0.341,9,1,9,0.906,0.969,Skin Care,1,HPC,Market 1,1,1,Province 1,IC2016-05-06176,North,Urban,9,1,0,0,1,0,0.906,0.969,9,1,0,0.906,0.969,0,1,0,0,1,0,IC,Area 1,Reg 1,Route 1,Territory 1,0.341,0.341,0.65,0.59,Manager 8,6,0.906,0.969,Hypermarket,Yes,MT,6P
Banner 1,1,5,1,0,0.002,0.985,5,1,0,0.564,0.108,2,0,16,0.517,0.487,0,1,0,0.304,0.102,7,Hypermarket,City 1,1,Commune 1,Indonesia,Customer 1,1,2016-04-06,7,Manager 05,7,Manager 05,7,Channel 1,1,Outlet 1,Hair,Market 1,Local Subchannel 18,Street,0,0,0,0.787,0.991,7,5,5,0,0,5,5,0.725,0.61,MIX,18,3,1,3,0.708,0.353,0,1,0,0.554,0.554,Gifting,1,0,0,1,0,1,0,0,1,0,0.109,0.563,1,0.554,0.554,5,1,5,0.787,0.991,Hair,1,HPC,Market 1,1,1,Province 1,IC2016-04-06187,North,Urban,5,1,0,2,1,2,0.787,0.991,5,1,0,0.787,0.991,0,1,0,0,1,0,IC,Area 1,Reg 1,Route 1,Territory 1,0.554,0.554,0.521,0.407,Manager 9,7,0.787,0.991,Hypermarket,Yes,MT,6P
Banner 1,1,3,1,3,0.024,0.508,3,1,3,0.871,0.049,98,1,25,0.357,0.259,2,1,3,0.257,0.207,7,Hypermarket,City 1,1,Commune 1,Indonesia,Customer 1,1,2016-03-06,7,Manager 05,7,Manager 05,7,Channel 1,1,Outlet 1,Ice Cream,Market 1,Local Subchannel 50,Market,2,1,3,0.812,0.782,7,3,3,0.663,0.663,3,3,0.736,0.854,MIX,19,2,0,2,0.388,0.306,3,1,3,0.211,0.211,Men's Zone,1,0.663,3,0,3,1,1,3,1,3,0.054,0.587,1,0.211,0.211,3,1,3,0.812,0.782,Ice Cream,1,Beverages & Refreshments,Market 1,1,1,Province 1,HPC&F2016-03-06197,North,Urban,3,0,3,3,0,3,0.812,0.782,3,1,3,0.812,0.782,3,0,3,3,0,3,HPC&F,Area 1,Reg 1,Route 1,Territory 1,0.211,0.211,0.515,0.883,Manager 10,7,0.812,0.782,Hypermarket,Yes,MT,6P
Banner 1,1,1,1,3,0.596,0.11,1,1,3,0.927,0.225,23,1,66,0.697,0.639,3,1,3,0.432,0.758,7,Hypermarket,City 1,1,Commune 1,Indonesia,Customer 1,1,2016-12-06,7,Manager 01,7,Manager 01,7,Channel 1,1,Outlet 1,Ice Cream,Market 2,Local Subchannel 37,Street,3,1,3,0.853,0.817,7,1,1,0.587,0.587,1,1,0.98,0.705,MIX,20,2,1,2,0.253,0.383,3,1,3,0.136,0.136,Men's Zone,1,0.587,1,1,1,1,1,3,1,3,0.204,0.011,1,0.136,0.136,1,1,1,0.853,0.817,Ice Cream,1,Beverages & Refreshments,Market 2,1,1,Province 1,IC2016-12-06207,North,Urban,1,1,3,0,0,0,0.853,0.817,1,1,3,0.853,0.817,3,1,3,3,1,3,IC,Area 1,Reg 1,Route 1,Territory 1,0.136,0.136,0.526,0.484,Manager 7,7,0.853,0.817,Hypermarket,Yes,MT,6P
Banner 1,1,3,1,3,0.728,0.625,3,1,3,0.334,0.539,35,1,55,0.778,0.31,3,1,3,0.317,0.143,8,Hypermarket,City 1,1,Commune 1,Indonesia,Customer 1,1,2016-11-06,8,Manager 01,8,Manager 01,8,Channel 1,1,Outlet 1,Ice Cream,Market 2,Local Subchannel 10,Street,3,1,3,0.155,0.1,8,3,3,0.887,0.887,3,3,0.894,0.827,MIX,21,1,1,0,0.578,0.009,3,1,3,0.206,0.206,Gifting,0,0.887,1,1,0,1,0,3,1,3,0.11,0.015,1,0.206,0.206,3,0,2,0.155,0.1,Ice Cream,0,Beverages & Refreshments,Market 2,0,1,Province 1,HPC&F2016-11-06218,North,Urban,3,1,3,2,0,2,0.155,0.1,3,1,3,0.155,0.1,3,1,3,3,1,3,HPC&F,Area 1,Reg 1,Route 1,Territory 1,0.206,0.206,0.816,0.296,Manager 8,8,0.155,0.1,Hypermarket,Yes,MT,6P
Banner 1,1,8,1,0,0.089,0.913,8,1,0,0.103,0.892,34,0,23,0.783,0.094,0,1,0,0.545,0.118,8,Hypermarket,City 1,1,Commune 1,Indonesia,Customer 1,1,2016-10-06,8,Manager 01,8,Manager 01,8,Channel 1,1,Outlet 1,Skin Care,Market 2,Local Subchannel 3,Street,0,0,0,0.91,0.581,8,9,8,0,0,9,8,0.349,0.495,MIX,22,1,1,1,0.615,0.49,0,1,0,0.453,0.453,Men's Zone,0,0,2,1,2,0,1,0,1,0,0.301,0.533,0,0.453,0.453,9,1,9,0.91,0.581,Skin Care,1,HPC,Market 2,1,1,Province 1,HPC&F2016-10-06228,North,Urban,8,1,0,2,1,2,0.91,0.581,8,1,0,0.91,0.581,0,1,0,0,1,0,HPC&F,Area 1,Reg 1,Route 1,Territory 1,0.453,0.453,0.055,0.826,Manager 8,8,0.91,0.581,Hypermarket,Yes,MT,6P
Banner 1,1,5,1,0,0.469,0.593,5,1,0,0.381,0.141,66,0,22,0.465,0.604,0,1,0,0.593,0.279,8,Hypermarket,City 1,1,Commune 1,Indonesia,Customer 1,1,2016-09-06,8,Manager 01,8,Manager 01,8,Channel 1,1,Outlet 1,Hair,Market 2,Local Subchannel 15,Market,0,0,0,0.504,0.534,8,5,5,0,0,5,5,0.536,0.394,MIX,23,2,1,2,0.863,0.028,0,1,0,0.468,0.468,Men's Zone,1,0,0,1,0,1,1,0,1,0,0.558,0.336,1,0.468,0.468,5,1,5,0.504,0.534,Hair,1,HPC,Market 2,1,1,Province 1,IC2016-09-06238,North,Urban,5,1,0,2,1,2,0.504,0.534,5,1,0,0.504,0.534,0,1,0,0,1,0,IC,Area 1,Reg 1,Route 1,Territory 1,0.468,0.468,0.352,0.899,Manager 8,8,0.504,0.534,Hypermarket,Yes,MT,6P
Banner 1,1,3,1,3,0.137,0.36,3,1,3,0.692,0.118,39,1,52,0.201,0.033,2,1,3,0.782,0.848,1,Hypermarket,City 1,1,Commune 1,Indonesia,Customer 1,1,2016-08-06,1,Manager 01,1,Manager 01,1,Channel 1,1,Outlet 1,Ice Cream,Market 2,Local Subchannel 47,Street,2,1,3,0.745,0.718,1,3,3,0.513,0.513,3,3,0.942,0.779,MIX,24,2,1,2,0.05,0.01,3,1,3,0.407,0.407,Men's Zone,0,0.513,3,1,3,1,1,3,1,3,0.74,0.359,1,0.407,0.407,3,1,3,0.745,0.718,Ice Cream,0,Beverages & Refreshments,Market 2,1,1,Province 1,IC2016-08-06241,North,Urban,3,1,3,0,0,0,0.745,0.718,3,1,3,0.745,0.718,3,1,3,3,1,3,IC,Area 1,Reg 1,Route 1,Territory 1,0.407,0.407,0.557,0.158,Manager 1,1,0.745,0.718,Hypermarket,Yes,MT,6P
Banner 1,1,1,1,3,0.788,0.612,1,1,3,0.755,0.679,86,1,96,0.41,0.062,3,1,3,0.777,0.844,1,Hypermarket,City 1,1,Commune 1,Indonesia,Customer 1,1,2016-07-06,1,Manager 01,1,Manager 01,1,Channel 1,1,Outlet 1,Ice Cream,Market 2,Local Subchannel 4,Street,3,1,3,0.709,0.861,1,1,1,0.56,0.56,1,1,0.524,0.938,MIX,25,1,1,1,0.145,0.775,3,1,3,0.94,0.94,Men's Zone,1,0.56,0,0,0,1,1,3,1,3,0.646,0.243,1,0.94,0.94,1,1,1,0.709,0.861,Ice Cream,1,Beverages & Refreshments,Market 2,1,1,Province 1,IC2016-07-06251,North,Urban,1,1,3,2,0,2,0.709,0.861,1,1,3,0.709,0.861,3,1,3,3,1,3,IC,Area 1,Reg 1,Route 1,Territory 1,0.94,0.94,0.904,0.891,Manager 1,1,0.709,0.861,Hypermarket,Yes,MT,6P
Banner 1,1,3,1,3,0.756,0.827,3,1,3,0.856,0.132,9,1,45,0.551,0.634,3,1,3,0.053,0.242,1,Hypermarket,City 1,1,Commune 1,Indonesia,Customer 1,1,2016-06-06,1,Manager 01,1,Manager 01,1,Channel 1,1,Outlet 1,Ice Cream,Market 3,Local Subchannel 59,Market,3,1,3,0.037,0.088,1,3,3,0.45,0.45,3,3,0.314,0.784,MIX,26,3,1,3,0.724,0.472,3,1,3,0.215,0.215,Men's Zone,0,0.45,0,0,0,1,1,3,1,3,0.155,0.74,1,0.215,0.215,3,1,3,0.037,0.088,Ice Cream,0,Beverages & Refreshments,Market 3,1,1,Province 1,IC2016-06-06261,North,Urban,3,1,3,0,0,0,0.037,0.088,3,1,3,0.037,0.088,3,1,3,3,1,3,IC,Area 1,Reg 1,Route 1,Territory 1,0.215,0.215,0.782,0.975,Manager 1,1,0.037,0.088,Hypermarket,Yes,MT,6P
Banner 1,1,9,1,0,0.586,0.54,9,1,0,0.499,0.327,19,0,85,0.483,0.019,0,1,0,0.602,0.14,2,Hypermarket,City 1,1,Commune 1,Indonesia,Customer 1,1,2016-05-06,2,Manager 02,2,Manager 02,2,Channel 1,1,Outlet 1,Skin Care,Market 3,Local Subchannel 47,Market,0,0,0,0.625,0.26,2,9,9,0,0,9,9,0.761,0.269,MIX,27,3,1,3,0.277,0.423,0,1,0,0.037,0.037,Gifting,1,0,2,0,2,1,1,0,1,0,0.293,0.655,1,0.037,0.037,9,1,9,0.625,0.26,Skin Care,1,HPC,Market 3,1,1,Province 1,HPC&F2016-05-06272,North,Urban,9,1,0,0,1,0,0.625,0.26,9,1,0,0.625,0.26,0,1,0,0,1,0,HPC&F,Area 1,Reg 1,Route 1,Territory 1,0.037,0.037,0.987,0.179,Manager 2,2,0.625,0.26,Hypermarket,Yes,MT,6P
Banner 1,1,4,1,0,0.13,0.5,4,0,0,0.465,0.424,20,0,39,0.73,0.25,0,1,0,0.599,0.459,2,Hypermarket,City 1,1,Commune 1,Indonesia,Customer 1,1,2016-04-06,2,Manager 02,2,Manager 02,2,Channel 1,1,Outlet 1,Hair,Market 3,Local Subchannel 43,Market,0,0,0,0.76,0.672,2,5,4,0,0,5,4,0.549,0.407,MIX,28,0,1,0,0.667,0.236,0,1,0,0.168,0.168,Gifting,0,0,3,1,3,0,0,0,1,0,0.775,0.015,0,0.168,0.168,5,1,5,0.76,0.672,Hair,1,HPC,Market 3,1,1,Province 1,IC2016-04-06282,North,Urban,4,1,0,1,1,1,0.76,0.672,4,1,0,0.76,0.672,0,1,0,0,1,0,IC,Area 1,Reg 1,Route 1,Territory 1,0.168,0.168,0.332,0.274,Manager 2,2,0.76,0.672,Hypermarket,Yes,MT,6P
Banner 1,1,2,1,3,0.3,0.483,2,1,3,0.092,0.387,31,1,56,0.836,0.812,2,1,3,0.513,0.047,2,Hypermarket,City 1,1,Commune 1,Indonesia,Customer 1,1,2016-03-06,2,Manager 03,2,Manager 03,2,Channel 1,1,Outlet 1,Ice Cream,Market 3,Local Subchannel 14,Market,3,1,3,0.351,0.526,2,3,2,0.537,0.537,3,2,0.43,0.589,MIX,29,3,1,3,0.442,0.947,3,0,3,0.634,0.634,Gifting,0,0.537,2,0,2,0,0,3,1,3,0.203,0.146,0,0.634,0.634,3,1,3,0.351,0.526,Ice Cream,1,Beverages & Refreshments,Market 3,1,0,Province 1,IC2016-03-06292,North,Urban,2,1,3,1,0,1,0.351,0.526,2,1,3,0.351,0.526,3,1,3,3,1,3,IC,Area 1,Reg 1,Route 1,Territory 1,0.634,0.634,0.386,0.762,Manager 2,2,0.351,0.526,Hypermarket,Yes,MT,6P
Banner 1,1,1,1,3,0.898,0.456,1,1,3,0.329,0.656,94,1,13,0.578,0.117,3,1,3,0.098,0.623,3,Hypermarket,City 1,1,Commune 1,Indonesia,Customer 1,1,2016-12-06,3,Manager 03,3,Manager 03,3,Channel 1,1,Outlet 1,Ice Cream,Market 3,Local Subchannel 7,Market,3,1,3,0.702,0.384,3,1,1,0.753,0.753,1,1,0.675,0.001,MIX,30,1,1,1,0.758,0.63,3,1,3,0.752,0.752,Men's Zone,1,0.753,0,0,0,1,0,3,1,3,0.406,0.193,1,0.752,0.752,1,1,1,0.702,0.384,Ice Cream,1,Beverages & Refreshments,Market 3,1,1,Province 1,HPC&F2016-12-06303,North,Urban,1,1,3,3,0,3,0.702,0.384,1,0,3,0.702,0.384,3,1,3,3,1,3,HPC&F,Area 1,Reg 1,Route 1,Territory 1,0.752,0.752,0.149,0.477,Manager 3,3,0.702,0.384,Hypermarket,Yes,MT,6P
Banner 1,1,3,1,3,0.262,0.54,3,1,3,0.083,0.979,99,1,25,0.576,0.631,3,1,3,0.83,0.597,3,Hypermarket,City 1,1,Commune 1,Indonesia,Customer 1,1,2016-11-06,3,Manager 04,3,Manager 04,3,Channel 1,1,Outlet 1,Ice Cream,Market 3,Local Subchannel 36,Market,2,1,3,0.412,0.915,1,3,3,0.687,0.687,3,3,0.859,0.581,MIX,31,3,1,3,0.263,0.562,3,1,3,0.72,0.72,Men's Zone,0,0.687,1,1,1,1,1,3,1,3,0.819,0.073,1,0.72,0.72,3,1,3,0.412,0.915,Ice Cream,0,Beverages & Refreshments,Market 3,1,1,Province 1,IC2016-11-06313,North,Urban,3,1,3,1,0,1,0.412,0.915,3,1,3,0.412,0.915,3,1,3,3,1,3,IC,Area 1,Reg 1,Route 1,Territory 1,0.72,0.72,0.498,0.517,Manager 3,3,0.412,0.915,Hypermarket,Yes,MT,6P
Banner 1,1,8,1,0,0.465,0.108,8,1,0,0.818,0.27,31,0,75,0.657,0.369,0,1,0,0.749,0.494,3,Hypermarket,City 1,1,Commune 1,Indonesia,Customer 1,1,2016-10-06,3,Manager 04,3,Manager 04,3,Channel 1,1,Outlet 1,Skin Care,Market 4,Local Subchannel 29,Street,0,0,0,0.87,0.327,2,9,8,0,0,9,8,0.425,0.315,MIX,32,1,1,0,0.857,0.303,0,1,0,0.803,0.803,Gifting,0,0,3,0,3,0,1,0,1,0,0.804,0.111,0,0.803,0.803,9,1,9,0.87,0.327,Skin Care,1,HPC,Market 4,1,1,Province 1,HPC&F2016-10-06323,North,Urban,8,1,0,2,1,2,0.87,0.327,8,1,0,0.87,0.327,0,1,0,0,1,0,HPC&F,Area 1,Reg 1,Route 1,Territory 1,0.803,0.803,0.415,0.144,Manager 3,3,0.87,0.327,Hypermarket,Yes,MT,6P
Banner 1,1,5,1,0,0.452,0.364,5,1,0,0.616,0.883,17,0,92,0.914,0.45,0,1,0,0.774,0.97,4,Hypermarket,City 1,1,Commune 1,Indonesia,Customer 1,1,2016-09-06,4,Manager 04,4,Manager 04,4,Channel 1,1,Outlet 1,Hair,Market 4,Local Subchannel 3,Market,0,0,0,0.679,0.406,3,5,5,0,0,5,5,0.959,0.268,MIX,33,0,1,0,0.913,0.381,0,0,0,0.155,0.155,Men's Zone,1,0,3,0,3,1,0,0,1,0,0.141,0.529,1,0.155,0.155,5,1,5,0.679,0.406,Hair,1,HPC,Market 4,1,0,Province 1,IC2016-09-06334,North,Urban,5,1,0,3,1,3,0.679,0.406,5,0,0,0.679,0.406,0,1,0,0,1,0,IC,Area 1,Reg 1,Route 1,Territory 1,0.155,0.155,0.825,0.623,Manager 4,4,0.679,0.406,Hypermarket,Yes,MT,6P
Banner 1,1,3,1,3,0.809,0.077,3,1,3,0.89,0.835,55,1,64,0.733,0.328,2,1,3,0.511,0.832,4,Hypermarket,City 1,1,Commune 1,Indonesia,Customer 1,1,2016-08-06,4,Manager 05,4,Manager 05,4,Channel 1,1,Outlet 1,Ice Cream,Market 4,Local Subchannel 25,Market,2,1,3,0.331,0.745,4,3,3,0.763,0.763,3,3,0.313,0.035,MIX,34,1,1,1,0.811,0.669,3,1,3,0.841,0.841,Men's Zone,1,0.763,2,1,2,1,1,3,1,3,0.085,0.487,1,0.841,0.841,3,1,3,0.331,0.745,Ice Cream,1,Beverages & Refreshments,Market 4,1,1,Province 1,IC2016-08-06344,North,Urban,3,1,3,1,0,0,0.331,0.745,3,0,3,0.331,0.745,3,1,3,3,1,3,IC,Area 1,Reg 1,Route 1,Territory 1,0.841,0.841,0.477,0.227,Manager 4,4,0.331,0.745,Hypermarket,Yes,MT,6P
Banner 1,1,1,0,3,0.193,0.921,1,1,3,0.606,0.63,63,1,30,0.113,0.282,2,1,3,0.894,0.681,4,Hypermarket,City 1,1,Commune 1,Indonesia,Customer 1,1,2016-07-06,4,Manager 05,4,Manager 05,4,Channel 1,1,Outlet 1,Ice Cream,Market 4,Local Subchannel 3,Market,2,1,3,0.607,0.154,5,1,1,0.933,0.933,1,1,0.271,0.692,MIX,35,0,1,0,0.712,0.654,3,0,3,0.248,0.248,Men's Zone,1,0.933,0,0,0,1,0,3,1,3,0.054,0.394,1,0.248,0.248,1,1,1,0.607,0.154,Ice Cream,1,Beverages & Refreshments,Market 4,1,0,Province 1,IC2016-07-06354,North,Urban,1,1,3,0,0,0,0.607,0.154,1,0,3,0.607,0.154,3,1,3,3,1,3,IC,Area 1,Reg 1,Route 1,Territory 1,0.248,0.248,0.034,0.789,Manager 4,4,0.607,0.154,Hypermarket,Yes,MT,6P
Banner 1,1,3,1,3,0.192,0.848,3,1,3,0.43,0.162,100,1,72,0.268,0.439,3,1,3,0.005,0.657,5,Hypermarket,City 1,1,Commune 1,Indonesia,Customer 1,1,2016-06-06,5,Manager 05,5,Manager 05,5,Channel 1,1,Outlet 1,Ice Cream,Market 4,Local Subchannel 42,Market,3,1,3,0.394,0.82,6,3,3,0.693,0.693,3,3,0.382,0.686,MIX,36,2,1,2,0.306,0.52,3,1,3,0.754,0.754,Men's Zone,1,0.693,3,1,3,1,1,3,1,3,0.629,0.938,1,0.754,0.754,3,1,3,0.394,0.82,Ice Cream,1,Beverages & Refreshments,Market 4,1,1,Province 1,HPC&F2016-06-06365,North,Urban,3,1,3,0,0,0,0.394,0.82,3,0,3,0.394,0.82,3,1,3,3,1,3,HPC&F,Area 1,Reg 1,Route 1,Territory 1,0.754,0.754,0.122,0.658,Manager 5,5,0.394,0.82,Hypermarket,Yes,MT,6P
Banner 1,1,9,1,0,0.489,0.362,9,1,0,0.84,0.572,81,0,34,0.339,0.035,0,1,0,0.09,0.535,5,Hypermarket,City 1,1,Commune 1,Indonesia,Customer 1,1,2016-05-06,5,Manager 05,5,Manager 05,5,Channel 1,1,Outlet 1,Skin Care,Market 4,Local Subchannel 55,Street,0,0,0,0.276,0.449,7,9,9,0,0,9,9,0.829,0.406,MIX,37,1,1,1,0.601,0.643,0,1,0,0.576,0.576,Men's Zone,1,0,2,1,2,1,1,0,1,0,0.034,0.537,1,0.576,0.576,9,1,9,0.276,0.449,Skin Care,1,HPC,Market 4,1,1,Province 1,HPC&F2016-05-06375,North,Urban,9,1,0,2,1,2,0.276,0.449,9,0,0,0.276,0.449,0,1,0,0,1,0,HPC&F,Area 1,Reg 1,Route 1,Territory 1,0.576,0.576,0.83,0.213,Manager 5,5,0.276,0.449,Hypermarket,Yes,MT,6P
Banner 1,1,5,1,0,0.231,0.141,5,1,0,0.443,0.994,66,0,61,0.143,0.444,0,1,0,0.951,0.219,5,Hypermarket,City 1,1,Commune 1,Indonesia,Customer 1,1,2016-04-06,5,Manager 05,5,Manager 05,5,Channel 1,1,Outlet 1,Hair,Market 4,Local Subchannel 53,Street,0,0,0,0.129,0.626,8,5,5,0,0,5,5,0.315,0.352,MIX,38,0,1,0,0.577,0.743,0,1,0,0.526,0.526,Gifting,1,0,2,0,2,1,1,0,1,0,0.719,0.654,1,0.526,0.526,5,1,5,0.129,0.626,Hair,1,HPC,Market 4,1,1,Province 1,IC2016-04-06385,North,Urban,5,1,0,0,1,0,0.129,0.626,5,0,0,0.129,0.626,0,1,0,0,1,0,IC,Area 1,Reg 1,Route 1,Territory 1,0.526,0.526,0.556,0.898,Manager 5,5,0.129,0.626,Hypermarket,Yes,MT,6P
Banner 1,1,3,1,3,0.944,0.954,3,1,3,0.315,0.193,30,1,90,0.578,0.397,1,1,3,0.617,0.351,6,Hypermarket,City 1,1,Commune 1,Indonesia,Customer 1,1,2016-03-06,6,Manager 05,6,Manager 05,6,Channel 1,1,Outlet 1,Ice Cream,Market 4,Local Subchannel 25,Street,1,1,3,0.237,0.121,9,3,3,0.617,0.617,3,3,0.431,0.947,MIX,39,0,1,0,0.991,0.411,3,0,3,0.931,0.931,Men's Zone,1,0.617,0,1,0,1,0,3,1,3,0.963,0.361,1,0.931,0.931,3,1,3,0.237,0.121,Ice Cream,1,Beverages & Refreshments,Market 4,1,1,Province 1,HPC&F2016-03-06396,North,Urban,3,1,3,0,0,0,0.237,0.121,3,0,3,0.237,0.121,3,1,3,3,1,3,HPC&F,Area 1,Reg 1,Route 1,Territory 1,0.931,0.931,0.845,0.02,Manager 6,6,0.237,0.121,Hypermarket,Yes,MT,6P
Banner 1,1,1,1,3,0.121,0.264,1,1,3,0.853,0.672,28,1,18,0.564,0.966,3,1,3,0.57,0.273,6,Hypermarket,City 1,1,Commune 1,Indonesia,Customer 1,1,2016-12-06,6,Manager 05,6,Manager 05,6,Channel 1,1,Outlet 1,Ice Cream,Market 4,Local Subchannel 18,Street,3,1,3,0.886,0.769,10,1,1,0.77,0.77,1,1,0.814,0.329,MIX,40,3,1,3,0.398,0.879,3,1,3,0.991,0.991,Men's Zone,1,0.77,0,1,0,1,1,3,1,3,0.243,0.207,1,0.991,0.991,1,1,1,0.886,0.769,Ice Cream,1,Beverages & Refreshments,Market 4,1,1,Province 1,HPC&F2016-12-06406,North,Urban,1,1,3,3,0,3,0.886,0.769,1,0,3,0.886,0.769,3,1,3,3,1,3,HPC&F,Area 1,Reg 1,Route 1,Territory 1,0.991,0.991,0.6,0.993,Manager 6,6,0.886,0.769,Hypermarket,Yes,MT,6P
Banner 1,1,3,1,3,0.485,0.559,3,1,3,0.136,0.567,30,1,34,0.957,0.818,3,1,3,0.873,0.192,6,Hypermarket,City 1,1,Commune 1,Indonesia,Customer 1,1,2016-11-06,6,Manager 01,6,Manager 01,6,Channel 1,1,Outlet 1,Ice Cream,Market 5,Local Subchannel 58,Market,3,1,3,0.494,0.195,6,3,3,0.507,0.507,3,3,0.661,0.084,MIX,41,3,1,3,0.983,0.905,3,1,3,0.265,0.265,Gifting,1,0.507,1,1,1,1,1,3,1,3,0.013,0.592,1,0.265,0.265,3,1,3,0.494,0.195,Ice Cream,1,Beverages & Refreshments,Market 5,1,1,Province 1,IC2016-11-06416,North,Urban,3,1,3,0,0,0,0.494,0.195,3,0,3,0.494,0.195,3,1,3,3,1,3,IC,Area 1,Reg 1,Route 1,Territory 1,0.265,0.265,0.646,0.303,Manager 6,6,0.494,0.195,Hypermarket,Yes,MT,6P
Banner 1,1,9,1,0,0.098,0.644,9,1,0,0.791,0.621,26,0,60,0.491,0.525,0,1,0,0.088,0.875,7,Hypermarket,City 1,1,Commune 1,Indonesia,Customer 1,1,2016-10-06,7,Manager 01,7,Manager 01,7,Channel 1,1,Outlet 1,Skin Care,Market 5,Local Subchannel 3,Street,0,0,0,0.533,0.248,7,9,9,0,0,9,9,0.399,0.715,MIX,42,0,1,0,0.312,0.711,0,1,0,0.228,0.228,Men's Zone,1,0,2,1,2,1,1,0,1,0,0.984,0.809,1,0.228,0.228,9,1,9,0.533,0.248,Skin Care,1,HPC,Market 5,1,1,Province 1,IC2016-10-06427,North,Urban,9,1,0,1,1,1,0.533,0.248,9,0,0,0.533,0.248,0,1,0,0,1,0,IC,Area 1,Reg 1,Route 1,Territory 1,0.228,0.228,0.274,0.442,Manager 7,7,0.533,0.248,Hypermarket,Yes,MT,6P
Banner 1,1,5,1,0,0.201,0.337,5,0,0,0.473,0.649,13,0,44,0.286,0.327,0,1,0,0.324,0.516,7,Hypermarket,City 1,1,Commune 1,Indonesia,Customer 1,1,2016-09-06,7,Manager 01,7,Manager 01,7,Channel 1,1,Outlet 1,Hair,Market 5,Local Subchannel 28,Market,0,0,0,0.02,0.374,7,5,5,0,0,5,5,0.502,0.516,MIX,43,3,1,3,0.137,0.516,0,0,0,0.578,0.578,Gifting,0,0,2,1,2,1,0,0,1,0,0.351,0.69,1,0.578,0.578,5,0,4,0.02,0.374,Hair,1,HPC,Market 5,0,1,Province 1,IC2016-09-06437,North,Urban,5,1,0,1,0,0,0.02,0.374,5,0,0,0.02,0.374,0,1,0,0,1,0,IC,Area 1,Reg 1,Route 1,Territory 1,0.578,0.578,0.859,0.06,Manager 7,7,0.02,0.374,Hypermarket,Yes,MT,6P
Banner 1,1,3,1,3,0.114,0.183,3,0,3,0.35,0.492,75,1,79,0.088,0.363,2,1,3,0.692,0.759,7,Hypermarket,City 1,1,Commune 1,Indonesia,Customer 1,1,2016-08-06,7,Manager 01,7,Manager 01,7,Channel 1,1,Outlet 1,Ice Cream,Market 5,Local Subchannel 20,Market,2,1,3,0.123,0.522,7,3,3,0.75,0.75,3,3,0.792,0.145,MIX,44,3,1,3,0.853,0.801,3,0,3,0.484,0.484,Gifting,1,0.75,0,1,0,1,0,3,1,3,0.903,0.695,1,0.484,0.484,3,1,3,0.123,0.522,Ice Cream,1,Beverages & Refreshments,Market 5,1,1,Province 1,IC2016-08-06447,North,Urban,3,1,3,2,0,2,0.123,0.522,3,0,3,0.123,0.522,3,1,3,3,1,3,IC,Area 1,Reg 1,Route 1,Territory 1,0.484,0.484,0.701,0.464,Manager 7,7,0.123,0.522,Hypermarket,Yes,MT,6P
Banner 1,1,1,1,3,0.972,0.939,1,1,3,0.022,0.978,3,1,31,0.028,0.719,3,1,3,0.264,0.941,8,Hypermarket,City 1,1,Commune 1,Indonesia,Customer 1,1,2016-07-06,8,Manager 01,8,Manager 01,8,Channel 1,1,Outlet 1,Ice Cream,Market 5,Local Subchannel 15,Market,3,1,3,0.304,0.613,8,1,1,0.71,0.71,1,1,0.548,0.792,MIX,45,2,1,2,0.987,0.715,3,0,3,0.683,0.683,Men's Zone,1,0.71,3,1,3,1,0,3,1,3,0.907,0.431,1,0.683,0.683,1,1,1,0.304,0.613,Ice Cream,1,Beverages & Refreshments,Market 5,1,1,Province 1,IC2016-07-06458,North,Urban,1,1,3,0,0,0,0.304,0.613,1,0,3,0.304,0.613,3,1,3,3,1,3,IC,Area 1,Reg 1,Route 1,Territory 1,0.683,0.683,0.155,0.368,Manager 8,8,0.304,0.613,Hypermarket,Yes,MT,6P
Banner 1,1,3,1,3,0.36,0.496,3,1,3,0.236,0.082,37,1,52,0.343,0.679,2,1,3,0.199,0.258,8,Hypermarket,City 1,1,Commune 1,Indonesia,Customer 1,1,2016-06-06,8,Manager 01,8,Manager 01,8,Channel 1,1,Outlet 1,Ice Cream,Market 5,Local Subchannel 27,Street,3,1,3,0.658,0.341,8,3,3,0.747,0.747,3,3,0.279,0.696,MIX,46,1,1,1,0.486,0.793,3,0,3,0.936,0.936,Men's Zone,1,0.747,3,0,3,1,0,3,1,3,0.919,0.484,1,0.936,0.936,3,1,3,0.658,0.341,Ice Cream,1,Beverages & Refreshments,Market 5,1,1,Province 1,HPC&F2016-06-06468,North,Urban,3,1,3,3,0,3,0.658,0.341,3,0,3,0.658,0.341,3,1,3,3,1,3,HPC&F,Area 1,Reg 1,Route 1,Territory 1,0.936,0.936,0.826,0.078,Manager 8,8,0.658,0.341,Hypermarket,Yes,MT,6P
Banner 1,1,9,1,0,0.197,0.931,9,1,0,0.076,0.137,51,0,48,0.397,0.278,0,1,0,0.774,0.861,8,Hypermarket,City 1,1,Commune 1,Indonesia,Customer 1,1,2016-05-06,8,Manager 01,8,Manager 01,8,Channel 1,1,Outlet 1,Skin Care,Market 5,Local Subchannel 41,Street,0,0,0,0.147,0.954,8,9,9,0,0,9,9,0.804,0.428,MIX,47,2,1,2,0.195,0.138,0,1,0,0.338,0.338,Men's Zone,0,0,2,0,2,1,1,0,1,0,0.597,0.375,1,0.338,0.338,9,0,7,0.147,0.954,Skin Care,1,HPC,Market 5,0,1,Province 1,HPC&F2016-05-06478,North,Urban,9,1,0,2,0,2,0.147,0.954,9,0,0,0.147,0.954,0,1,0,0,1,0,HPC&F,Area 1,Reg 1,Route 1,Territory 1,0.338,0.338,0.584,0.506,Manager 8,8,0.147,0.954,Hypermarket,Yes,MT,6P
Banner 1,1,5,1,0,0.805,0.163,5,1,0,0.001,0.195,26,0,10,0.168,0.142,0,1,0,0.103,0.614,1,Hypermarket,City 1,1,Commune 1,Indonesia,Customer 1,1,2016-04-06,1,Manager 02,1,Manager 02,1,Channel 1,1,Outlet 1,Hair,Market 5,Local Subchannel 56,Street,0,0,0,0.018,0.057,1,5,5,0,0,5,5,0.931,0.664,MIX,48,1,1,1,0.924,0.343,0,1,0,0.014,0.014,Gifting,1,0,2,0,2,1,1,0,1,0,0.901,0.545,1,0.014,0.014,5,0,4,0.018,0.057,Hair,1,HPC,Market 5,1,1,Province 1,HPC&F2016-04-06481,North,Urban,5,1,0,2,1,2,0.018,0.057,5,0,0,0.018,0.057,0,1,0,0,1,0,HPC&F,Area 1,Reg 1,Route 1,Territory 1,0.014,0.014,0.015,0.001,Manager 1,1,0.018,0.057,Hypermarket,Yes,MT,6P
Banner 1,1,3,1,3,0.42,0.826,3,1,3,0.37,0.535,44,1,14,0.317,0.615,3,1,3,0.815,0.277,1,Hypermarket,City 1,1,Commune 1,Indonesia,Customer 1,1,2016-03-06,1,Manager 02,1,Manager 02,1,Channel 1,1,Outlet 1,Ice Cream,Market 5,Local Subchannel 52,Market,3,1,3,0.323,0.066,1,3,3,0.623,0.623,3,3,0.766,0.304,MIX,49,3,0,3,0.307,0.154,3,1,3,0.915,0.915,Gifting,1,0.623,1,0,1,1,1,3,1,3,0.16,0.143,1,0.915,0.915,3,1,3,0.323,0.066,Ice Cream,1,Beverages & Refreshments,Market 5,1,1,Province 1,HPC&F2016-03-06491,North,Urban,3,0,3,0,0,0,0.323,0.066,3,0,3,0.323,0.066,3,0,3,3,0,3,HPC&F,Area 1,Reg 1,Route 1,Territory 1,0.915,0.915,0.874,0.999,Manager 1,1,0.323,0.066,Hypermarket,Yes,MT,6P
Banner 1,1,1,1,3,0.458,0.995,1,1,3,0.964,0.709,99,1,56,0.8,0.85,3,1,3,0.885,0.367,1,Hypermarket,City 1,1,Commune 1,Indonesia,Customer 1,1,2016-12-06,1,Manager 03,1,Manager 03,1,Channel 1,1,Outlet 1,Ice Cream,Market 6,Local Subchannel 55,Street,2,1,3,0.88,0.395,1,1,1,0.68,0.68,1,1,0.452,0.219,MIX,50,0,1,0,0.452,0.733,3,1,3,0.694,0.694,Men's Zone,1,0.68,0,0,0,1,1,3,1,3,0.459,0.383,1,0.694,0.694,1,1,1,0.88,0.395,Ice Cream,1,Beverages & Refreshments,Market 6,1,1,Province 1,HPC&F2016-12-06501,North,Urban,1,1,3,0,0,0,0.88,0.395,1,0,3,0.88,0.395,3,1,3,3,1,3,HPC&F,Area 1,Reg 1,Route 1,Territory 1,0.694,0.694,0.85,0.695,Manager 1,1,0.88,0.395,Hypermarket,Yes,MT,6P
Banner 1,1,3,0,3,0.774,0.378,3,1,3,0.305,0.282,99,1,87,0.788,0.457,2,1,3,0.325,0.872,2,Hypermarket,City 1,1,Commune 1,Indonesia,Customer 1,1,2016-11-06,2,Manager 03,2,Manager 03,2,Channel 1,1,Outlet 1,Ice Cream,Market 6,Local Subchannel 26,Street,3,1,3,0.966,0.228,2,3,3,0.61,0.61,3,3,0.639,0.517,MIX,51,1,1,1,0.672,0.756,3,1,3,0.265,0.265,Gifting,1,0.61,2,1,2,1,0,3,1,3,0.225,0.662,1,0.265,0.265,3,1,3,0.966,0.228,Ice Cream,1,Beverages & Refreshments,Market 6,1,1,Province 1,IC2016-11-06512,North,Urban,3,1,3,2,0,2,0.966,0.228,3,0,3,0.966,0.228,3,1,3,3,1,3,IC,Area 1,Reg 1,Route 1,Territory 1,0.265,0.265,0.817,0.036,Manager 2,2,0.966,0.228,Hypermarket,Yes,MT,6P
Banner 1,1,9,0,0,0.193,0.794,9,1,0,0.967,0.535,16,0,52,0.792,0.803,0,1,0,0.909,0.277,2,Hypermarket,City 1,1,Commune 1,Indonesia,Customer 1,1,2016-10-06,2,Manager 04,2,Manager 04,2,Channel 1,1,Outlet 1,Skin Care,Market 6,Local Subchannel 43,Street,0,0,0,0.039,0.747,2,9,9,0,0,9,9,0.83,0.7,MIX,52,0,1,0,0.364,0.965,0,1,0,0.745,0.745,Men's Zone,1,0,0,1,0,1,1,0,1,0,0.325,0.767,1,0.745,0.745,9,1,9,0.039,0.747,Skin Care,1,HPC,Market 6,1,1,Province 1,HPC&F2016-10-06522,North,Urban,9,1,0,2,1,2,0.039,0.747,9,0,0,0.039,0.747,0,1,0,0,1,0,HPC&F,Area 1,Reg 1,Route 1,Territory 1,0.745,0.745,0.078,0.756,Manager 2,2,0.039,0.747,Hypermarket,Yes,MT,6P
Banner 1,1,5,1,0,0.208,0.921,5,1,0,0.848,0.619,57,0,60,0.364,0.832,0,1,0,0.154,0.569,2,Hypermarket,City 1,1,Commune 1,Indonesia,Customer 1,1,2016-09-06,2,Manager 04,2,Manager 04,2,Channel 1,1,Outlet 1,Hair,Market 6,Local Subchannel 9,Market,0,1,0,0.155,0.026,2,5,5,0,0,5,5,0.566,0.052,MIX,53,2,1,2,0.31,0.912,0,1,0,0.313,0.313,Gifting,1,0,3,0,3,1,1,0,1,0,0.072,0.601,1,0.313,0.313,5,1,5,0.155,0.026,Hair,1,HPC,Market 6,1,1,Province 1,IC2016-09-06532,North,Urban,5,1,0,1,1,0,0.155,0.026,5,0,0,0.155,0.026,0,1,0,0,1,0,IC,Area 1,Reg 1,Route 1,Territory 1,0.313,0.313,0.874,0.414,Manager 2,2,0.155,0.026,Hypermarket,Yes,MT,6P
Banner 1,1,3,1,3,0.197,0.832,3,1,3,0.406,0.735,70,1,16,0.014,0.002,3,1,3,0.028,0.329,3,Hypermarket,City 1,1,Commune 1,Indonesia,Customer 1,1,2016-08-06,3,Manager 04,3,Manager 04,3,Channel 1,1,Outlet 1,Ice Cream,Market 6,Local Subchannel 32,Street,3,1,3,0.958,0.528,3,3,3,0.857,0.857,3,3,0.091,0.454,MIX,54,2,1,2,0.471,0.285,3,1,3,0.04,0.04,Gifting,1,0.857,3,0,3,1,1,3,1,3,0.488,0.984,1,0.04,0.04,3,1,3,0.958,0.528,Ice Cream,1,Beverages & Refreshments,Market 6,1,1,Province 1,HPC&F2016-08-06543,North,Urban,3,1,3,3,0,3,0.958,0.528,3,0,3,0.958,0.528,3,1,3,3,1,3,HPC&F,Area 1,Reg 1,Route 1,Territory 1,0.04,0.04,0.538,0.936,Manager 3,3,0.958,0.528,Hypermarket,Yes,MT,6P
Banner 1,1,1,1,3,0.055,0.853,1,1,3,0.432,0.892,57,1,47,0.876,0.048,2,1,3,0.024,0.124,3,Hypermarket,City 1,1,Commune 1,Indonesia,Customer 1,1,2016-07-06,3,Manager 05,3,Manager 05,3,Channel 1,1,Outlet 1,Ice Cream,Market 6,Local Subchannel 47,Street,2,1,3,0.062,0.477,3,1,1,0.617,0.617,1,1,0.987,0.786,MIX,55,0,1,0,0.925,0.476,3,1,3,0.221,0.221,Gifting,1,0.617,1,0,1,1,1,3,1,3,0.837,0.049,1,0.221,0.221,1,1,1,0.062,0.477,Ice Cream,1,Beverages & Refreshments,Market 6,1,1,Province 1,HPC&F2016-07-06553,North,Urban,1,1,3,3,0,3,0.062,0.477,1,0,3,0.062,0.477,3,1,3,3,1,3,HPC&F,Area 1,Reg 1,Route 1,Territory 1,0.221,0.221,0.965,0.714,Manager 3,3,0.062,0.477,Hypermarket,Yes,MT,6P
Banner 1,1,3,1,3,0.438,0.858,3,1,3,0.584,0.827,51,1,4,0.43,0.363,3,1,3,0.937,0.45,3,Hypermarket,City 1,1,Commune 1,Indonesia,Customer 1,1,2016-06-06,3,Manager 05,3,Manager 05,3,Channel 1,1,Outlet 1,Ice Cream,Market 6,Local Subchannel 23,Market,2,1,3,0.9,0.3,3,3,3,0.793,0.793,3,3,0.608,0.925,MIX,56,0,1,0,0.751,0.93,3,1,3,0.725,0.725,Gifting,1,0.793,3,0,3,1,1,3,1,3,0.767,0.722,1,0.725,0.725,3,1,3,0.9,0.3,Ice Cream,1,Beverages & Refreshments,Market 6,1,1,Province 1,HPC&F2016-06-06563,North,Urban,3,1,3,0,0,0,0.9,0.3,3,0,3,0.9,0.3,3,1,3,3,1,3,HPC&F,Area 1,Reg 1,Route 1,Territory 1,0.725,0.725,0.479,0.697,Manager 3,3,0.9,0.3,Hypermarket,Yes,MT,6P
Banner 1,1,7,1,0,0.099,0.601,7,1,0,0.913,0.736,33,0,37,0.591,0.765,0,1,0,0.178,0.707,4,Hypermarket,City 1,1,Commune 1,Indonesia,Customer 1,1,2016-05-06,4,Manager 05,4,Manager 05,4,Channel 1,1,Outlet 1,Skin Care,Market 6,Local Subchannel 34,Street,0,0,0,0.737,0.317,4,9,7,0,0,9,7,0.377,0.769,MIX,57,0,1,0,0.396,0.83,0,0,0,0.767,0.767,Gifting,1,0,0,1,0,0,0,0,1,0,0.858,0.343,0,0.767,0.767,9,1,9,0.737,0.317,Skin Care,1,HPC,Market 6,1,1,Province 1,HPC&F2016-05-06574,North,Urban,7,1,0,2,1,2,0.737,0.317,7,0,0,0.737,0.317,0,1,0,0,1,0,HPC&F,Area 1,Reg 1,Route 1,Territory 1,0.767,0.767,0.197,0.255,Manager 4,4,0.737,0.317,Hypermarket,Yes,MT,6P
Banner 1,10,5,1,0,0.928,0.236,5,1,0,0.74,0.247,92,0,81,0.369,0.448,0,1,0,0.215,0.491,4,Hypermarket,City 1,1,Commune 1,Indonesia,Customer 1,10,2016-04-06,4,Manager 05,4,Manager 05,4,Channel 10,10,Outlet 10,Hair,Market 6,Local Subchannel 57,Street,0,0,0,0.777,0.601,4,5,5,0,0,5,5,0.348,0.625,MIX,58,3,1,3,0.793,0.852,0,1,0,0.847,0.847,Gifting,1,0,0,0,0,1,0,0,1,0,0.63,0.839,1,0.847,0.847,5,1,5,0.777,0.601,Hair,1,HPC,Market 6,1,1,Province 1,IC2016-04-06584,North,Urban,5,1,0,1,1,0,0.777,0.601,5,0,0,0.777,0.601,0,1,0,0,1,0,IC,Area 1,Reg 1,Route 1,Territory 1,0.847,0.847,0.166,0.114,Manager 4,4,0.777,0.601,Discounters,Yes,MT,6P
Banner 10,10,3,1,3,0.28,0.75,3,1,3,0.635,0.464,15,1,58,0.193,0.682,3,1,3,0.602,0.278,4,Discounters,City 1,1,Commune 1,Indonesia,Customer 10,10,2016-03-06,4,Manager 05,4,Manager 05,4,Channel 10,10,Outlet 10,Ice Cream,Market 6,Local Subchannel 2,Market,3,1,3,0.535,0.827,4,3,3,0.51,0.51,3,3,0.174,0.701,MIX,59,0,1,0,0.204,0.206,3,1,3,0.781,0.781,Men's Zone,1,0.51,1,1,0,1,1,3,1,3,0.925,0.328,1,0.781,0.781,3,1,3,0.535,0.827,Ice Cream,0,Beverages & Refreshments,Market 6,1,1,Province 1,HPC&F2016-03-06594,North,Urban,3,1,3,1,0,0,0.535,0.827,3,0,3,0.535,0.827,3,1,3,3,1,3,HPC&F,Area 1,Reg 1,Route 1,Territory 1,0.781,0.781,0.443,0.795,Manager 4,4,0.535,0.827,Discounters,Yes,MT,6P
Banner 10,10,1,0,3,0.277,0.73,1,1,3,0.125,0.809,89,1,95,0.205,0.219,2,1,3,0.155,0.787,5,Discounters,City 1,1,Commune 1,Indonesia,Customer 10,10,2016-12-06,5,Manager 05,5,Manager 05,5,Channel 10,10,Outlet 10,Ice Cream,Market 6,Local Subchannel 27,Market,2,1,3,0.826,0.198,5,1,1,0.6,0.6,1,1,0.571,0.809,MIX,60,1,0,1,0.05,0.379,3,1,3,0.737,0.737,Gifting,1,0.6,2,1,2,1,1,3,1,3,0.116,0.589,1,0.737,0.737,1,1,1,0.826,0.198,Ice Cream,1,Beverages & Refreshments,Market 6,1,0,Province 1,HPC&F2016-12-06605,North,Urban,1,0,3,2,0,2,0.826,0.198,1,0,3,0.826,0.198,3,0,3,3,0,3,HPC&F,Area 1,Reg 1,Route 1,Territory 1,0.737,0.737,0.406,0.45,Manager 5,5,0.826,0.198,Discounters,Yes,MT,6P
Banner 10,10,3,1,3,0.607,0.56,3,1,3,0.667,0.369,82,1,64,0.452,0.315,3,1,3,0.148,0.892,5,Discounters,City 1,1,Commune 1,Indonesia,Customer 10,10,2016-11-06,5,Manager 05,5,Manager 05,5,Channel 10,10,Outlet 10,Ice Cream,Market 6,Local Subchannel 18,Street,2,1,3,0.54,0.225,5,3,3,0.567,0.567,3,3,0.856,0.025,MIX,61,1,1,0,0.17,0.865,3,0,3,0.108,0.108,Men's Zone,0,0.567,2,1,2,1,0,3,1,3,0.788,0.871,1,0.108,0.108,3,0,2,0.54,0.225,Ice Cream,1,Beverages & Refreshments,Market 6,0,1,Province 1,IC2016-11-06615,North,Urban,3,1,3,0,0,0,0.54,0.225,3,0,3,0.54,0.225,3,1,3,3,1,3,IC,Area 1,Reg 1,Route 1,Territory 1,0.108,0.108,0.001,0.261,Manager 5,5,0.54,0.225,Discounters,Yes,MT,6P
Banner 10,10,9,1,0,0.06,0.208,9,1,0,0.769,0.979,48,0,59,0.309,0.085,0,1,0,0.575,0.214,5,Discounters,City 1,1,Commune 1,Indonesia,Customer 10,10,2016-10-06,5,Manager 01,5,Manager 01,5,Channel 10,10,Outlet 10,Skin Care,Market 1,Local Subchannel 10,Street,0,0,0,0.008,0.6,1,9,9,0,0,9,9,0.609,0.131,MIX,62,1,1,1,0.265,0.92,0,1,0,0.053,0.053,Gifting,0,0,3,0,3,1,1,0,1,0,0.711,0.436,1,0.053,0.053,9,0,8,0.008,0.6,Skin Care,1,HPC,Market 1,1,1,Province 1,HPC&F2016-10-06625,North,Urban,9,1,0,0,1,0,0.008,0.6,9,0,0,0.008,0.6,0,1,0,0,1,0,HPC&F,Area 1,Reg 1,Route 1,Territory 1,0.053,0.053,0.945,0.76,Manager 5,5,0.008,0.6,Discounters,Yes,MT,6P
Banner 10,10,5,1,0,0.947,0.431,5,1,0,0.73,0.981,33,0,49,0.152,0.088,0,1,0,0.767,0.39,6,Discounters,City 1,1,Commune 1,Indonesia,Customer 10,10,2016-09-06,6,Manager 01,6,Manager 01,6,Channel 10,10,Outlet 10,Hair,Market 1,Local Subchannel 35,Street,0,0,0,0.542,0.942,2,5,5,0,0,5,5,0.027,0.465,MIX,63,1,1,1,0.001,0.913,0,1,0,0.335,0.335,Men's Zone,0,0,0,1,0,1,1,0,1,0,0.692,0.769,1,0.335,0.335,5,1,5,0.542,0.942,Hair,1,HPC,Market 1,1,1,Province 1,IC2016-09-06636,North,Urban,5,1,0,0,1,0,0.542,0.942,5,0,0,0.542,0.942,0,1,0,0,1,0,IC,Area 1,Reg 1,Route 1,Territory 1,0.335,0.335,0.768,0.757,Manager 6,6,0.542,0.942,Discounters,Yes,MT,6P
Banner 10,10,3,1,3,0.023,0.791,3,1,3,0.576,0.19,95,1,94,0.802,0.859,2,1,3,0.771,0.347,6,Discounters,City 1,1,Commune 1,Indonesia,Customer 10,10,2016-08-06,6,Manager 01,6,Manager 01,6,Channel 10,10,Outlet 10,Ice Cream,Market 1,Local Subchannel 18,Street,2,0,3,0.194,0.6,3,3,3,0.677,0.677,3,3,0.228,0.779,MIX,64,0,1,0,0.635,0.644,3,0,3,0.981,0.981,Gifting,0,0.677,1,1,0,0,0,3,1,3,0.53,0.259,1,0.981,0.981,3,1,3,0.194,0.6,Ice Cream,1,Beverages & Refreshments,Market 1,1,1,Province 1,IC2016-08-06646,North,Urban,3,1,3,2,0,2,0.194,0.6,3,0,3,0.194,0.6,3,1,3,3,1,3,IC,Area 1,Reg 1,Route 1,Territory 1,0.981,0.981,0.83,0.822,Manager 6,6,0.194,0.6,Discounters,Yes,MT,6P
Banner 10,10,1,1,3,0.085,0.261,1,1,3,0.615,0.145,17,1,67,0.62,0.768,2,1,3,0.661,0.907,6,Discounters,City 1,1,Commune 1,Indonesia,Customer 10,10,2016-07-06,6,Manager 01,6,Manager 01,6,Channel 10,10,Outlet 10,Ice Cream,Market 1,Local Subchannel 7,Market,2,0,3,0.89,0.551,4,1,1,0.797,0.797,1,1,0.338,0.136,MIX,65,0,1,0,0.146,0.738,3,0,3,0.924,0.924,Men's Zone,0,0.797,3,0,3,1,0,3,1,3,0.015,0.262,1,0.924,0.924,1,1,1,0.89,0.551,Ice Cream,1,Beverages & Refreshments,Market 1,1,1,Province 1,IC2016-07-06656,North,Urban,1,1,3,1,0,0,0.89,0.551,1,0,3,0.89,0.551,3,1,3,3,1,3,IC,Area 1,Reg 1,Route 1,Territory 1,0.924,0.924,0.621,0.574,Manager 6,6,0.89,0.551,Discounters,Yes,MT,6P
Banner 10,10,3,1,3,0.998,0.091,3,0,3,0.852,0.344,8,1,18,0.076,0.086,2,1,3,0.357,0.907,7,Discounters,City 1,1,Commune 1,Indonesia,Customer 10,10,2016-06-06,7,Manager 01,7,Manager 01,7,Channel 10,10,Outlet 10,Ice Cream,Market 1,Local Subchannel 60,Market,1,0,3,0.655,0.913,5,3,3,0.8,0.8,3,3,0.124,0.102,MIX,66,2,1,2,0.722,0.144,3,1,3,0.387,0.387,Gifting,1,0.8,1,1,1,1,1,3,1,3,0.37,0.788,1,0.387,0.387,3,1,3,0.655,0.913,Ice Cream,1,Beverages & Refreshments,Market 1,1,1,Province 1,HPC&F2016-06-06667,North,Urban,3,1,3,1,0,1,0.655,0.913,3,0,3,0.655,0.913,3,1,3,3,1,3,HPC&F,Area 1,Reg 1,Route 1,Territory 1,0.387,0.387,0.19,0.923,Manager 7,7,0.655,0.913,Discounters,Yes,MT,6P
Banner 10,10,9,1,0,0.114,0.797,9,1,0,0.569,0.902,69,0,80,0.652,0.239,0,1,0,0.98,0.097,7,Discounters,City 1,1,Commune 1,Indonesia,Customer 10,10,2016-05-06,7,Manager 01,7,Manager 01,7,Channel 10,10,Outlet 10,Skin Care,Market 1,Local Subchannel 1,Street,0,0,0,0.422,0.078,6,9,9,0,0,9,9,0.472,0.673,MIX,67,2,1,2,0.341,0.659,0,1,0,0.941,0.941,Men's Zone,1,0,0,1,0,1,0,0,1,0,0.772,0.854,1,0.941,0.941,9,1,9,0.422,0.078,Skin Care,1,HPC,Market 1,1,1,Province 1,HPC&F2016-05-06677,North,Urban,9,1,0,1,1,1,0.422,0.078,9,0,0,0.422,0.078,0,1,0,0,1,0,HPC&F,Area 1,Reg 1,Route 1,Territory 1,0.941,0.941,0.568,0.951,Manager 7,7,0.422,0.078,Discounters,Yes,MT,6P
Banner 10,10,5,1,0,0.509,0.592,5,1,0,0.637,0.201,26,0,44,0.256,0.823,0,1,0,0.449,0.069,7,Discounters,City 1,1,Commune 1,Indonesia,Customer 10,10,2016-04-06,7,Manager 01,7,Manager 01,7,Channel 10,10,Outlet 10,Hair,Market 1,Local Subchannel 58,Street,0,0,0,0.861,0.686,7,5,5,0,0,5,5,0.565,0.299,MIX,68,0,1,0,0.453,0.974,0,1,0,0.175,0.175,Gifting,0,0,3,0,3,1,1,0,1,0,0.313,0.384,1,0.175,0.175,5,1,5,0.861,0.686,Hair,1,HPC,Market 1,1,0,Province 1,IC2016-04-06687,North,Urban,5,1,0,3,1,3,0.861,0.686,5,0,0,0.861,0.686,0,1,0,0,1,0,IC,Area 1,Reg 1,Route 1,Territory 1,0.175,0.175,0.024,0.574,Manager 7,7,0.861,0.686,Discounters,Yes,MT,6P
Banner 10,10,3,1,3,0.955,0.338,3,1,3,0.753,0.69,4,1,3,0.858,0.688,2,1,3,0.745,0.831,8,Discounters,City 1,1,Commune 1,Indonesia,Customer 10,10,2016-03-06,8,Manager 02,8,Manager 02,8,Channel 10,10,Outlet 10,Ice Cream,Market 1,Local Subchannel 39,Market,2,0,3,0.336,0.261,8,3,3,0.563,0.563,3,3,0.243,0.471,MIX,69,2,1,2,0.266,0.643,3,1,3,0.523,0.523,Men's Zone,0,0.563,1,0,0,1,1,3,1,3,0.688,0.501,1,0.523,0.523,3,1,3,0.336,0.261,Ice Cream,0,Beverages & Refreshments,Market 1,1,1,Province 1,IC2016-03-06698,North,Urban,3,1,3,2,0,2,0.336,0.261,3,0,3,0.336,0.261,3,1,3,3,1,3,IC,Area 1,Reg 1,Route 1,Territory 1,0.523,0.523,0.771,0.032,Manager 8,8,0.336,0.261,Discounters,Yes,MT,6P
Banner 10,10,1,1,3,0.068,0.811,1,1,3,0.844,0.212,83,1,53,0.518,0.268,3,1,3,0.257,0.563,8,Discounters,City 1,1,Commune 1,Indonesia,Customer 10,10,2016-12-06,8,Manager 02,8,Manager 02,8,Channel 10,10,Outlet 10,Ice Cream,Market 1,Local Subchannel 20,Market,1,1,3,0.784,0.586,9,1,1,0.527,0.527,1,1,0.124,0.739,MIX,70,0,1,0,0.283,0.914,3,1,3,0.32,0.32,Men's Zone,0,0.527,3,0,3,1,1,3,1,3,0.701,0.359,1,0.32,0.32,1,1,1,0.784,0.586,Ice Cream,1,Beverages & Refreshments,Market 1,1,1,Province 1,IC2016-12-06708,North,Urban,1,1,3,0,0,0,0.784,0.586,1,0,3,0.784,0.586,3,1,3,3,1,3,IC,Area 1,Reg 1,Route 1,Territory 1,0.32,0.32,0.658,0.398,Manager 8,8,0.784,0.586,Discounters,Yes,MT,6P
Banner 10,10,3,1,3,0.57,0.92,3,1,3,0.603,0.132,96,1,94,0.073,0.576,3,1,3,0.672,0.294,8,Discounters,City 1,1,Commune 1,Indonesia,Customer 10,10,2016-11-06,8,Manager 03,8,Manager 03,8,Channel 10,10,Outlet 10,Ice Cream,Market 1,Local Subchannel 4,Street,1,1,3,0.285,0.301,10,3,3,0.69,0.69,3,3,0.989,0.599,MIX,71,0,1,0,0.137,0.68,3,1,3,0.519,0.519,Gifting,1,0.69,1,0,0,1,1,3,1,3,0.386,0.18,1,0.519,0.519,3,0,2,0.285,0.301,Ice Cream,1,Beverages & Refreshments,Market 1,0,1,Province 1,HPC&F2016-11-06718,North,Urban,3,1,3,3,0,3,0.285,0.301,3,0,3,0.285,0.301,3,1,3,3,1,3,HPC&F,Area 1,Reg 1,Route 1,Territory 1,0.519,0.519,0.908,0.072,Manager 8,8,0.285,0.301,Discounters,Yes,MT,6P
Banner 10,10,9,1,0,0.548,0.489,9,1,0,0.852,0.773,62,0,24,0.565,0.386,0,1,0,0.154,0.976,1,Discounters,City 1,1,Commune 1,Indonesia,Customer 10,10,2016-10-06,1,Manager 03,1,Manager 03,1,Channel 10,10,Outlet 10,Skin Care,Market 1,Local Subchannel 4,Street,0,1,0,0.918,0.335,1,9,9,0,0,9,9,0.695,0.038,MIX,72,2,1,2,0.271,0.656,0,1,0,0.253,0.253,Gifting,1,0,2,1,2,1,1,0,1,0,0.27,0.197,1,0.253,0.253,9,1,9,0.918,0.335,Skin Care,0,HPC,Market 1,1,1,Province 1,HPC&F2016-10-06721,North,Urban,9,1,0,3,1,3,0.918,0.335,9,0,0,0.918,0.335,0,1,0,0,1,0,HPC&F,Area 1,Reg 1,Route 1,Territory 1,0.253,0.253,0.391,0.852,Manager 1,1,0.918,0.335,Discounters,Yes,MT,6P
Banner 10,10,5,1,0,0.141,0.081,5,1,0,0.182,0.526,42,0,19,0.513,0.105,0,1,0,0.656,0.689,1,Discounters,City 1,1,Commune 1,Indonesia,Customer 10,10,2016-09-06,1,Manager 04,1,Manager 04,1,Channel 10,10,Outlet 10,Hair,Market 1,Local Subchannel 2,Street,0,0,0,0.056,0.261,1,5,5,0,0,5,5,0.806,0.505,MIX,73,0,1,0,0.812,0.145,0,1,0,0.256,0.256,Gifting,1,0,3,0,3,1,1,0,1,0,0.794,0.456,1,0.256,0.256,5,0,4,0.056,0.261,Hair,0,HPC,Market 1,1,1,Province 1,HPC&F2016-09-06731,North,Urban,5,1,0,0,1,0,0.056,0.261,5,0,0,0.056,0.261,0,1,0,0,1,0,HPC&F,Area 1,Reg 1,Route 1,Territory 1,0.256,0.256,0.952,0.214,Manager 1,1,0.056,0.261,Discounters,Yes,MT,6P
Banner 10,10,3,1,3,0.438,0.285,3,1,3,0.395,0.401,73,1,35,0.364,0.562,3,1,3,0.703,0.505,1,Discounters,City 1,1,Commune 1,Indonesia,Customer 10,10,2016-08-06,1,Manager 04,1,Manager 04,1,Channel 10,10,Outlet 10,Ice Cream,Market 1,Local Subchannel 27,Street,3,0,3,0.833,0.872,1,3,3,0.763,0.763,3,3,0.755,0.03,MIX,74,2,1,2,0.685,0.335,3,1,3,0.103,0.103,Gifting,0,0.763,3,1,3,1,0,3,1,3,0.649,0.886,1,0.103,0.103,3,1,3,0.833,0.872,Ice Cream,1,Beverages & Refreshments,Market 1,1,1,Province 1,HPC&F2016-08-06741,North,Urban,3,1,3,0,0,0,0.833,0.872,3,0,3,0.833,0.872,3,1,3,3,1,3,HPC&F,Area 1,Reg 1,Route 1,Territory 1,0.103,0.103,0.77,0.434,Manager 2,1,0.833,0.872,Discounters,Yes,MT,6P
Banner 10,10,1,1,3,0.321,0.367,1,1,3,0.062,0.882,60,1,97,0.964,0.986,3,1,3,0.734,0.332,2,Discounters,City 1,1,Commune 1,Indonesia,Customer 10,10,2016-07-06,2,Manager 04,2,Manager 04,2,Channel 10,10,Outlet 10,Ice Cream,Market 1,Local Subchannel 9,Street,3,1,3,0.505,0.882,2,1,1,0.71,0.71,1,1,0.955,0.003,MIX,75,3,1,3,0.285,0.034,3,1,3,0.743,0.743,Gifting,0,0.71,3,0,3,1,0,3,1,3,0.565,0.733,1,0.743,0.743,1,1,1,0.505,0.882,Ice Cream,1,Beverages & Refreshments,Market 1,1,1,Province 1,HPC&F2016-07-06752,North,Urban,1,1,3,3,0,3,0.505,0.882,1,0,3,0.505,0.882,3,1,3,3,1,3,HPC&F,Area 1,Reg 1,Route 1,Territory 1,0.743,0.743,0.889,0.982,Manager 3,2,0.505,0.882,Discounters,Yes,MT,6P
Banner 10,10,3,1,3,0.584,0.932,3,1,3,0.997,0.662,38,1,56,0.357,0.542,3,1,3,0.835,0.619,2,Discounters,City 1,1,Commune 1,Indonesia,Customer 10,10,2016-06-06,2,Manager 05,2,Manager 05,2,Channel 10,10,Outlet 10,Ice Cream,Market 1,Local Subchannel 28,Street,3,1,3,0.61,0.57,2,3,3,0.653,0.653,3,3,0.554,0.655,MIX,76,0,1,0,0.97,0.785,3,1,3,0.709,0.709,Gifting,0,0.653,2,1,2,1,1,3,1,3,0.446,0.437,1,0.709,0.709,3,1,3,0.61,0.57,Ice Cream,0,Beverages & Refreshments,Market 1,1,1,Province 1,HPC&F2016-06-06762,North,Urban,3,1,3,1,0,1,0.61,0.57,3,0,3,0.61,0.57,3,1,3,3,1,3,HPC&F,Area 1,Reg 1,Route 1,Territory 1,0.709,0.709,0.544,0.413,Manager 4,2,0.61,0.57,Discounters,Yes,MT,6P
Banner 10,10,9,1,0,0.572,0.751,9,1,0,0.615,0.625,96,0,65,0.803,0.304,0,1,0,0.798,0.785,2,Discounters,City 1,1,Commune 1,Indonesia,Customer 10,10,2016-05-06,2,Manager 05,2,Manager 05,2,Channel 10,10,Outlet 10,Skin Care,Market 1,Local Subchannel 16,Market,0,1,0,0.413,0.443,2,9,9,0,0,9,9,0.2,0.678,MIX,77,0,1,0,0.113,0.225,0,0,0,0.164,0.164,Gifting,0,0,3,1,3,1,0,0,1,0,0.595,0.103,1,0.164,0.164,9,1,9,0.413,0.443,Skin Care,1,HPC,Market 1,1,1,Province 1,HPC&F2016-05-06772,North,Urban,9,1,0,2,1,2,0.413,0.443,9,0,0,0.413,0.443,0,1,0,0,1,0,HPC&F,Area 1,Reg 1,Route 1,Territory 1,0.164,0.164,0.342,0.232,Manager 5,2,0.413,0.443,Discounters,Yes,MT,6P
Banner 10,10,4,1,0,0.098,0.998,4,1,0,0.598,0.704,18,0,34,0.967,0.319,0,1,0,0.886,0.811,3,Discounters,City 1,1,Commune 1,Indonesia,Customer 10,10,2016-04-06,3,Manager 05,3,Manager 05,3,Channel 10,10,Outlet 10,Hair,Market 1,Local Subchannel 16,Street,0,0,0,0.072,0.418,3,5,4,0,0,5,4,0.064,0.748,MIX,78,3,1,3,0.295,0.073,0,1,0,0.344,0.344,Gifting,0,0,3,1,3,1,1,0,1,0,0.861,0.579,0,0.344,0.344,5,1,5,0.072,0.418,Hair,1,HPC,Market 1,1,1,Province 1,HPC&F2016-04-06783,North,Urban,4,1,0,0,1,0,0.072,0.418,4,0,0,0.072,0.418,0,1,0,0,1,0,HPC&F,Area 1,Reg 1,Route 1,Territory 1,0.344,0.344,0.995,0.662,Manager 6,3,0.072,0.418,Discounters,Yes,MT,6P
Banner 10,10,3,1,3,0.669,0.699,3,1,3,0.164,0.281,51,1,70,0.483,0.278,3,1,3,0.921,0.637,3,Discounters,City 1,1,Commune 1,Indonesia,Customer 10,10,2016-03-06,3,Manager 05,3,Manager 05,3,Channel 10,10,Outlet 10,Ice Cream,Market 1,Local Subchannel 44,Market,3,1,3,0.598,0.46,3,3,3,0.69,0.69,3,3,0.798,0.556,MIX,79,0,1,0,0.781,0.056,3,1,3,0.282,0.282,Gifting,1,0.69,3,1,3,1,1,3,1,3,0.572,0.943,1,0.282,0.282,3,1,3,0.598,0.46,Ice Cream,1,Beverages & Refreshments,Market 1,1,0,Province 1,IC2016-03-06793,North,Urban,3,1,3,1,0,1,0.598,0.46,3,0,3,0.598,0.46,3,1,3,3,1,3,IC,Area 1,Reg 1,Route 1,Territory 1,0.282,0.282,0.937,0.379,Manager 7,3,0.598,0.46,Discounters,Yes,MT,6P
Banner 10,10,1,1,3,0.984,0.562,1,1,3,0.53,0.43,11,1,91,0.985,0.004,3,1,3,0.304,0.832,3,Discounters,City 1,1,Commune 1,Indonesia,Customer 10,10,2016-12-06,3,Manager 05,3,Manager 05,3,Channel 10,10,Outlet 10,Ice Cream,Market 1,Local Subchannel 17,Market,2,1,3,0.12,0.053,3,1,1,0.737,0.737,1,1,0.358,0.605,MIX,80,3,1,3,0.869,0.894,3,0,3,0.889,0.889,Men's Zone,1,0.737,0,1,0,1,0,3,1,3,0.658,0.432,1,0.889,0.889,1,1,1,0.12,0.053,Ice Cream,1,Beverages & Refreshments,Market 1,1,1,Province 1,IC2016-12-06803,North,Urban,1,1,3,2,0,2,0.12,0.053,1,0,3,0.12,0.053,3,1,3,3,1,3,IC,Area 1,Reg 1,Route 1,Territory 1,0.889,0.889,0.585,0.698,Manager 8,3,0.12,0.053,Discounters,Yes,MT,6P
Banner 10,10,3,1,3,0.733,0.107,3,1,3,0.829,0.045,78,1,0,0.429,0.194,3,1,3,0.967,0.538,4,Discounters,City 1,1,Commune 1,Indonesia,Customer 10,10,2016-11-06,4,Manager 05,4,Manager 05,4,Channel 10,10,Outlet 10,Ice Cream,Market 1,Local Subchannel 57,Market,3,1,3,0.407,0.907,4,3,3,0.627,0.627,3,3,0.821,0.999,MIX,81,2,1,2,0.552,0.202,3,0,3,0.02,0.02,Gifting,1,0.627,2,1,2,1,0,3,1,3,0.603,0.448,1,0.02,0.02,3,1,3,0.407,0.907,Ice Cream,1,Beverages & Refreshments,Market 1,1,1,Province 1,IC2016-11-06814,North,Urban,3,1,3,0,0,0,0.407,0.907,3,0,3,0.407,0.907,3,1,3,3,1,3,IC,Area 1,Reg 1,Route 1,Territory 1,0.02,0.02,0.232,0.267,Manager 9,4,0.407,0.907,Discounters,Yes,MT,6P
Banner 10,10,9,1,0,0.994,0.508,9,1,0,0.167,0.106,35,0,41,0.19,0.674,0,1,0,0.567,0.536,4,Discounters,City 1,1,Commune 1,Indonesia,Customer 10,10,2016-10-06,4,Manager 05,4,Manager 05,4,Channel 10,10,Outlet 10,Skin Care,Market 1,Local Subchannel 38,Market,0,0,0,0.235,0.771,4,9,9,0,0,9,9,0.028,0.452,MIX,82,3,1,3,0.281,0.672,0,1,0,0.832,0.832,Gifting,1,0,1,0,1,1,1,0,1,0,0.226,0.225,1,0.832,0.832,9,1,9,0.235,0.771,Skin Care,1,HPC,Market 1,1,1,Province 1,IC2016-10-06824,North,Urban,9,1,0,3,1,3,0.235,0.771,9,0,0,0.235,0.771,0,1,0,0,1,0,IC,Area 1,Reg 1,Route 1,Territory 1,0.832,0.832,0.123,0.493,Manager 10,4,0.235,0.771,Discounters,Yes,MT,6P
Banner 10,10,5,1,0,0.304,0.07,5,1,0,0.887,0.793,34,0,51,0.518,0.299,0,1,0,0.156,0.81,4,Discounters,City 1,1,Commune 1,Indonesia,Customer 10,10,2016-09-06,4,Manager 01,4,Manager 01,4,Channel 10,10,Outlet 10,Hair,Market 2,Local Subchannel 22,Street,0,0,0,0.179,0.806,4,5,5,0,0,5,5,0.044,0.4,MIX,83,1,0,1,0.39,0.605,0,1,0,0.417,0.417,Gifting,0,0,2,1,2,0,1,0,1,0,0.759,0.264,1,0.417,0.417,5,1,5,0.179,0.806,Hair,1,HPC,Market 2,1,1,Province 1,IC2016-09-06834,North,Urban,5,0,0,1,1,1,0.179,0.806,5,0,0,0.179,0.806,0,0,0,0,0,0,IC,Area 1,Reg 1,Route 1,Territory 1,0.417,0.417,0.941,0.555,Manager 4,4,0.179,0.806,Discounters,Yes,MT,6P
Banner 10,10,3,1,3,0.09,0.3,3,1,3,0.216,0.665,38,1,35,0.266,0.105,3,1,3,0.975,0.211,5,Discounters,City 1,1,Commune 1,Indonesia,Customer 10,10,2016-08-06,5,Manager 01,5,Manager 01,5,Channel 10,10,Outlet 10,Ice Cream,Market 2,Local Subchannel 46,Street,2,1,3,0.33,0.412,5,3,3,0.873,0.873,3,3,0.42,0.058,MIX,84,3,1,3,0.278,0.359,3,1,3,0.349,0.349,Men's Zone,0,0.873,1,1,1,1,1,3,1,3,0.133,0.315,1,0.349,0.349,3,1,3,0.33,0.412,Ice Cream,0,Beverages & Refreshments,Market 2,1,1,Province 1,HPC&F2016-08-06845,North,Urban,3,1,3,3,0,3,0.33,0.412,3,0,3,0.33,0.412,3,1,3,3,1,3,HPC&F,Area 1,Reg 1,Route 1,Territory 1,0.349,0.349,0.682,0.626,Manager 5,5,0.33,0.412,Discounters,Yes,MT,6P
Banner 10,10,1,0,3,0.759,0.62,1,1,3,0.401,0.066,75,1,38,0.78,0.635,1,1,3,0.382,0.932,5,Discounters,City 1,1,Commune 1,Indonesia,Customer 10,10,2016-07-06,5,Manager 01,5,Manager 01,5,Channel 10,10,Outlet 10,Ice Cream,Market 2,Local Subchannel 44,Street,1,0,3,0.783,0.316,5,1,1,0.603,0.603,1,1,0.847,0.531,MIX,85,3,1,3,0.812,0.878,3,0,3,0.881,0.881,Men's Zone,1,0.603,1,0,1,1,0,3,1,3,0.36,0.847,1,0.881,0.881,1,1,1,0.783,0.316,Ice Cream,1,Beverages & Refreshments,Market 2,1,0,Province 1,IC2016-07-06855,North,Urban,1,1,3,2,0,2,0.783,0.316,1,0,3,0.783,0.316,3,1,3,3,1,3,IC,Area 1,Reg 1,Route 1,Territory 1,0.881,0.881,0.811,0.019,Manager 6,5,0.783,0.316,Discounters,Yes,MT,6P
Banner 10,10,3,1,3,0.972,0.885,3,0,3,0.186,0.328,50,1,39,0.249,0.776,2,1,3,0.063,0.654,5,Discounters,City 1,1,Commune 1,Indonesia,Customer 10,10,2016-06-06,5,Manager 01,5,Manager 01,5,Channel 10,10,Outlet 10,Ice Cream,Market 2,Local Subchannel 16,Street,2,1,3,0.273,0.926,5,3,3,0.713,0.713,3,3,0.052,0.605,MIX,86,0,1,0,0.634,0.951,3,0,3,0.674,0.674,Men's Zone,1,0.713,2,0,2,1,0,3,1,3,0.999,0.283,1,0.674,0.674,3,1,3,0.273,0.926,Ice Cream,0,Beverages & Refreshments,Market 2,1,1,Province 1,IC2016-06-06865,North,Urban,3,1,3,2,0,2,0.273,0.926,3,0,3,0.273,0.926,3,1,3,3,1,3,IC,Area 1,Reg 1,Route 1,Territory 1,0.674,0.674,0.166,0.057,Manager 7,5,0.273,0.926,Discounters,Yes,MT,6P
Banner 10,10,8,1,0,0.05,0.43,8,1,0,0.364,0.111,24,0,4,0.388,0.332,0,1,0,0.553,0.659,6,Discounters,City 1,1,Commune 1,Indonesia,Customer 10,10,2016-05-06,6,Manager 01,6,Manager 01,6,Channel 10,10,Outlet 10,Skin Care,Market 2,Local Subchannel 9,Market,0,1,0,0.877,0.785,6,9,8,0,0,9,8,0.266,0.598,MIX,87,3,1,3,0.231,0.747,0,1,0,0.488,0.488,Gifting,1,0,2,1,2,1,1,0,1,0,0.384,0.913,0,0.488,0.488,9,1,9,0.877,0.785,Skin Care,1,HPC,Market 2,1,1,Province 1,IC2016-05-06876,North,Urban,8,1,0,1,1,1,0.877,0.785,8,0,0,0.877,0.785,0,1,0,0,1,0,IC,Area 1,Reg 1,Route 1,Territory 1,0.488,0.488,0.884,0.719,Manager 5,6,0.877,0.785,Discounters,Yes,MT,6P
Banner 10,10,5,1,0,0.321,0.716,5,1,0,0.233,0.29,28,0,80,0.063,0.568,0,1,0,0.341,0.611,6,Discounters,City 1,1,Commune 1,Indonesia,Customer 10,10,2016-04-06,6,Manager 01,6,Manager 01,6,Channel 10,10,Outlet 10,Hair,Market 2,Local Subchannel 30,Market,0,1,0,0.216,0.565,6,5,5,0,0,5,5,0.933,0.873,MIX,88,0,1,0,0.378,0.79,0,0,0,0.139,0.139,Gifting,1,0,3,0,3,1,0,0,1,0,0.863,0.515,1,0.139,0.139,5,1,5,0.216,0.565,Hair,1,HPC,Market 2,1,1,Province 1,IC2016-04-06886,North,Urban,5,1,0,2,1,2,0.216,0.565,5,0,0,0.216,0.565,0,1,0,0,1,0,IC,Area 1,Reg 1,Route 1,Territory 1,0.139,0.139,0.929,0.534,Manager 6,6,0.216,0.565,Discounters,Yes,MT,6P
Banner 10,10,3,1,3,0.585,0.774,3,1,3,0.634,0.147,11,1,81,0.849,0.903,3,1,3,0.487,0.13,6,Discounters,City 1,1,Commune 1,Indonesia,Customer 10,10,2016-03-06,6,Manager 01,6,Manager 01,6,Channel 10,10,Outlet 10,Ice Cream,Market 3,Local Subchannel 34,Street,1,0,3,0.643,0.206,6,3,3,0.84,0.84,3,3,0.173,0.967,MIX,89,0,1,0,0.227,0.812,3,1,3,0.745,0.745,Men's Zone,1,0.84,3,0,3,1,1,3,1,3,0.069,0.107,1,0.745,0.745,3,1,3,0.643,0.206,Ice Cream,1,Beverages & Refreshments,Market 3,1,1,Province 1,HPC&F2016-03-06896,North,Urban,3,1,3,3,0,3,0.643,0.206,3,0,3,0.643,0.206,3,1,3,3,1,3,HPC&F,Area 1,Reg 1,Route 1,Territory 1,0.745,0.745,0.343,0.128,Manager 7,6,0.643,0.206,Discounters,Yes,MT,6P
Banner 10,10,1,1,3,0.739,0.779,1,1,3,0.255,0.211,51,1,39,0.365,0.874,3,1,3,0.586,0.286,7,Discounters,City 1,1,Commune 1,Indonesia,Customer 10,10,2016-12-06,7,Manager 02,7,Manager 02,7,Channel 10,10,Outlet 10,Ice Cream,Market 3,Local Subchannel 18,Street,1,0,3,0.136,0.569,7,1,1,0.64,0.64,1,1,0.373,0.742,MIX,90,3,1,3,0.83,0.637,3,1,3,0.313,0.313,Gifting,1,0.64,0,0,0,1,0,3,1,3,0.886,0.571,1,0.313,0.313,1,1,1,0.136,0.569,Ice Cream,1,Beverages & Refreshments,Market 3,1,1,Province 1,IC2016-12-06907,North,Urban,1,1,3,2,0,2,0.136,0.569,1,0,3,0.136,0.569,3,1,3,3,1,3,IC,Area 1,Reg 1,Route 1,Territory 1,0.313,0.313,0.711,0.777,Manager 8,7,0.136,0.569,Discounters,Yes,MT,6P
Banner 10,10,3,1,3,0.845,0.868,3,1,3,0.271,0.735,26,1,40,0.683,0.073,1,1,3,0.936,0.204,7,Discounters,City 1,1,Commune 1,Indonesia,Customer 10,10,2016-11-06,7,Manager 02,7,Manager 02,7,Channel 10,10,Outlet 10,Ice Cream,Market 3,Local Subchannel 38,Market,1,0,3,0.08,0.041,7,3,3,0.513,0.513,3,3,0.58,0.041,MIX,91,1,1,1,0.039,0.498,3,1,3,0.456,0.456,Gifting,0,0.513,2,0,2,1,0,3,1,3,0.457,0.001,1,0.456,0.456,3,1,3,0.08,0.041,Ice Cream,1,Beverages & Refreshments,Market 3,1,1,Province 1,IC2016-11-06917,North,Urban,3,1,3,0,0,0,0.08,0.041,3,0,3,0.08,0.041,3,1,3,3,1,3,IC,Area 1,Reg 1,Route 1,Territory 1,0.456,0.456,0.565,0.481,Manager 9,7,0.08,0.041,Discounters,Yes,MT,6P
Banner 10,10,9,1,0,0.845,0.944,9,1,0,0.254,0.414,65,0,30,0.988,0.524,0,1,0,0.342,0.73,7,Discounters,City 1,1,Commune 1,Indonesia,Customer 10,10,2016-10-06,7,Manager 03,7,Manager 03,7,Channel 10,10,Outlet 10,Skin Care,Market 3,Local Subchannel 28,Street,0,0,0,0.874,0.98,7,9,9,0,0,9,9,0.971,0.664,MIX,92,0,1,0,0.587,0.818,0,1,0,0.424,0.424,Gifting,0,0,1,1,1,1,1,0,1,0,0.598,0.049,1,0.424,0.424,9,1,9,0.874,0.98,Skin Care,1,HPC,Market 3,1,1,Province 1,HPC&F2016-10-06927,North,Urban,9,1,0,3,1,3,0.874,0.98,9,0,0,0.874,0.98,0,1,0,0,1,0,HPC&F,Area 1,Reg 1,Route 1,Territory 1,0.424,0.424,0.495,0.042,Manager 10,7,0.874,0.98,Discounters,Yes,MT,6P
Banner 10,10,5,1,0,0.128,0.273,5,1,0,0.144,0.258,77,0,80,0.098,0.118,0,1,0,0.05,0.742,8,Discounters,City 1,1,Commune 1,Indonesia,Customer 10,10,2016-09-06,8,Manager 03,8,Manager 03,8,Channel 10,10,Outlet 10,Hair,Market 3,Local Subchannel 26,Market,0,0,0,0.144,0.294,8,5,5,0,0,5,5,0.699,0.69,MIX,93,2,1,2,0.224,0.532,0,1,0,0.252,0.252,Gifting,0,0,2,0,2,1,1,0,1,0,0.731,0.434,1,0.252,0.252,5,1,5,0.144,0.294,Hair,1,HPC,Market 3,1,1,Province 1,HPC&F2016-09-06938,North,Urban,5,1,0,2,1,2,0.144,0.294,5,0,0,0.144,0.294,0,1,0,0,1,0,HPC&F,Area 1,Reg 1,Route 1,Territory 1,0.252,0.252,0.943,0.752,Manager 8,8,0.144,0.294,Discounters,Yes,MT,6P
Banner 10,10,3,1,3,0.768,0.609,3,1,3,0.76,0.16,14,1,33,0.76,0.211,2,1,3,0.164,0.878,8,Discounters,City 1,1,Commune 1,Indonesia,Customer 10,10,2016-08-06,8,Manager 04,8,Manager 04,8,Channel 10,10,Outlet 10,Ice Cream,Market 3,Local Subchannel 20,Market,1,0,3,0.538,0.679,8,3,3,0.613,0.613,3,3,0.667,0.056,MIX,94,2,1,2,0.912,0.818,3,0,3,0.333,0.333,Gifting,0,0.613,1,0,1,1,0,3,1,3,0.785,0.902,1,0.333,0.333,3,1,3,0.538,0.679,Ice Cream,1,Beverages & Refreshments,Market 3,1,1,Province 1,IC2016-08-06948,North,Urban,3,1,3,3,0,3,0.538,0.679,3,1,3,0.538,0.679,3,1,3,3,1,3,IC,Area 1,Reg 1,Route 1,Territory 1,0.333,0.333,0.342,0.756,Manager 8,8,0.538,0.679,Discounters,Yes,MT,6P
Banner 10,10,1,1,3,0.619,0.66,1,1,3,0.881,0.214,22,1,9,0.091,0.224,2,1,3,0.435,0.716,8,Discounters,City 1,1,Commune 1,Indonesia,Customer 10,10,2016-07-06,8,Manager 04,8,Manager 04,8,Channel 10,10,Outlet 10,Ice Cream,Market 4,Local Subchannel 17,Street,1,0,3,0.903,0.162,8,1,1,0.573,0.573,1,1,0.573,0.341,MIX,95,3,1,3,0.762,0.988,3,1,3,0.671,0.671,Gifting,0,0.573,3,0,3,1,1,3,1,3,0.667,0.76,1,0.671,0.671,1,1,1,0.903,0.162,Ice Cream,1,Beverages & Refreshments,Market 4,1,1,Province 1,IC2016-07-06958,North,Urban,1,1,3,2,0,2,0.903,0.162,1,1,3,0.903,0.162,3,1,3,3,1,3,IC,Area 1,Reg 1,Route 1,Territory 1,0.671,0.671,0.85,0.242,Manager 8,8,0.903,0.162,Discounters,Yes,MT,6P
Banner 10,10,3,1,3,0.472,0.634,3,1,3,0.088,0.455,21,1,47,0.33,0.061,3,1,3,0.382,0.878,1,Discounters,City 1,1,Commune 1,Indonesia,Customer 10,10,2016-06-06,1,Manager 04,1,Manager 04,1,Channel 10,10,Outlet 10,Ice Cream,Market 4,Local Subchannel 52,Street,3,0,3,0.597,0.045,1,3,3,0.38,0.38,3,3,0.17,0.18,MIX,96,2,1,2,0.195,0.542,3,1,3,0.84,0.84,Men's Zone,1,0.38,0,1,0,1,1,3,1,3,0.301,0.844,1,0.84,0.84,3,1,3,0.597,0.045,Ice Cream,0,Beverages & Refreshments,Market 4,1,1,Province 1,HPC&F2016-06-06961,North,Urban,3,1,3,3,0,3,0.597,0.045,3,1,3,0.597,0.045,3,1,3,3,1,3,HPC&F,Area 1,Reg 1,Route 1,Territory 1,0.84,0.84,0.435,0.941,Manager 1,1,0.597,0.045,Discounters,Yes,MT,6P
Banner 10,10,9,1,0,0.055,0.595,9,1,0,0.695,0.352,16,0,13,0.28,0.701,0,1,0,0.266,0.532,1,Discounters,City 1,1,Commune 1,Indonesia,Customer 10,10,2016-05-06,1,Manager 05,1,Manager 05,1,Channel 10,10,Outlet 10,Skin Care,Market 4,Local Subchannel 11,Market,0,1,0,0.931,0.21,1,9,9,0,0,9,9,0.345,0.879,MIX,97,3,1,3,0.836,0.467,0,1,0,0.455,0.455,Gifting,1,0,3,1,3,1,1,0,1,0,0.605,0.174,1,0.455,0.455,9,1,9,0.931,0.21,Skin Care,1,HPC,Market 4,1,1,Province 1,IC2016-05-06971,North,Urban,9,1,0,2,1,2,0.931,0.21,9,1,0,0.931,0.21,0,1,0,0,1,0,IC,Area 1,Reg 1,Route 1,Territory 1,0.455,0.455,0.148,0.451,Manager 2,1,0.931,0.21,Discounters,Yes,MT,6P
Banner 10,10,4,1,0,0.402,0.742,4,1,0,0.717,0.828,23,0,32,0.133,0.351,0,1,0,0.118,0.369,1,Discounters,City 1,1,Commune 1,Indonesia,Customer 10,10,2016-04-06,1,Manager 05,1,Manager 05,1,Channel 10,10,Outlet 10,Hair,Market 4,Local Subchannel 35,Market,0,1,0,0.134,0.9,1,5,4,0,0,5,4,0.785,0.617,MIX,98,3,1,3,0.321,0.496,0,1,0,0.213,0.213,Men's Zone,1,0,1,1,1,1,1,0,1,0,0.829,0.69,0,0.213,0.213,5,1,5,0.134,0.9,Hair,0,HPC,Market 4,1,1,Province 1,HPC&F2016-04-06981,North,Urban,4,1,0,3,1,3,0.134,0.9,4,0,0,0.134,0.9,0,1,0,0,1,0,HPC&F,Area 1,Reg 1,Route 1,Territory 1,0.213,0.213,0.103,0.303,Manager 3,1,0.134,0.9,Discounters,Yes,MT,6P
Banner 10,10,3,1,3,0.821,0.071,3,1,3,0.495,0.853,29,1,25,0.088,0.787,3,1,3,0.941,0.186,2,Discounters,City 1,1,Commune 1,Indonesia,Customer 10,10,2016-03-06,2,Manager 05,2,Manager 05,2,Channel 10,10,Outlet 10,Ice Cream,Market 4,Local Subchannel 4,Street,3,1,3,0.735,0.392,2,3,3,0.577,0.577,3,3,0.412,0.666,MIX,99,1,1,0,0.148,0.616,3,1,3,0.124,0.124,Gifting,1,0.577,2,1,2,1,1,3,1,3,0.728,0.616,1,0.124,0.124,3,1,3,0.735,0.392,Ice Cream,1,Beverages & Refreshments,Market 4,1,1,Province 1,HPC&F2016-03-06992,North,Urban,3,1,3,1,0,0,0.735,0.392,3,0,3,0.735,0.392,3,1,3,3,1,3,HPC&F,Area 1,Reg 1,Route 1,Territory 1,0.124,0.124,0.108,0.396,Manager 4,2,0.735,0.392,Discounters,Yes,MT,6P
Banner 10,10,0,1,3,0.959,0.265,0,1,3,0.884,0.066,42,1,36,0.171,0.753,1,1,3,0.678,0.324,2,Discounters,City 1,1,Commune 1,Indonesia,Customer 10,10,2016-12-06,2,Manager 05,2,Manager 05,2,Channel 10,10,Outlet 10,Ice Cream,Market 4,Local Subchannel 58,Market,1,0,3,0.08,0.318,2,1,0,0.647,0.647,1,0,0.466,0.607,MIX,100,2,1,2,0.918,0.97,3,1,3,0.249,0.249,Gifting,0,0.647,1,0,1,1,1,3,1,3,0.931,0.227,1,0.249,0.249,1,1,1,0.08,0.318,Ice Cream,1,Beverages & Refreshments,Market 4,1,0,Province 1,HPC&F2016-12-061002,North,Urban,0,1,3,2,0,2,0.08,0.318,0,1,3,0.08,0.318,3,1,3,3,1,3,HPC&F,Area 1,Reg 1,Route 1,Territory 1,0.249,0.249,0.473,0.301,Manager 5,2,0.08,0.318,Discounters,Yes,MT,6P
Banner 10,10,3,1,3,0.744,0.721,3,1,3,0.544,0.979,2,1,27,0.668,0.01,3,1,3,0.268,0.252,2,Discounters,City 1,1,Commune 1,Indonesia,Customer 10,10,2016-11-06,2,Manager 05,2,Manager 05,2,Channel 10,10,Outlet 10,Ice Cream,Market 4,Local Subchannel 37,Market,3,0,3,0.017,0.108,2,3,3,0.6,0.6,3,3,0.681,0.048,MIX,101,3,1,3,0.609,0.678,3,0,3,0.533,0.533,Gifting,0,0.6,3,1,3,1,0,3,1,3,0.911,0.74,0,0.533,0.533,3,1,3,0.017,0.108,Ice Cream,0,Beverages & Refreshments,Market 4,1,1,Province 1,HPC&F2016-11-061012,North,Urban,3,1,3,0,0,0,0.017,0.108,3,1,3,0.017,0.108,3,1,3,3,1,3,HPC&F,Area 1,Reg 1,Route 1,Territory 1,0.533,0.533,0.431,0.872,Manager 6,2,0.017,0.108,Discounters,Yes,MT,6P
