Banner,Banner_ID,Category_ID,Channel,City,City_ID,Commune,Country,Customer,Customer_ID,Customer_type,Date_of_audit,Division_ID,Field_Execution_Manager,Field_Execution_Manager_ID,Field_Sales_Manager,Field_Sales_Manager_ID,Local_Channel,Local_Channel_ID,Local_Outlet_Name,Local_Product_Category,Local_Product_Market,Local_Subchannel,Local_Subchannel_ID,Market_ID,Outlet_ID,Outlet_classification,PS_Category,Priority_Promo_Compliance,Priority_Promo_Hurdle_Rate_Percentage,Priority_Promo_Percentage,Product_category,Product_division,Product_market,Promo_Compliance,Promo_Compliance_Target,Province,Record_Id,Region,Rural_Urban,SOF_Compliance,SOF_Hurdle_Rate_Percentage,SOF_Percentage,Sales_Org,Sales_area,Sales_region,Sales_route,Sales_territory,Store_Operations_Manager,Store_Operations_Manager_ID,Store_location,Subchannel,Top_Customer,Total_Priority_Promo_Audited,Total_Priority_Promo_Audits,Total_SOF_Audited,Total_SOF_Audits,Trade_Format,X4P_5P_6P
Banner 1,1,2,Hypermarket,City 1,1,Commune 1,Indonesia,Customer 1,C2,Global,2016-11-06,2,Manager 05,FEM2,Manager 10,10,Channel 1,1,Outlet 1,Skin Care,Market 3,Channel 1,LS2,3,2,MIX,Gifting,0,0.9,0.132,Hair,HPC,Market 3,1,0.8,Province 1,HPC&F2016-11-062,North,Urban,1,0.9,0.37,HPC&F,Area 1,Reg 1,Route 1,Territory 1,Manager 06,6,Loc 1,Hypermarket,Yes,5,5,37,4,MT,6P
Banner 1,1,3,Hypermarket,City 1,1,Commune 1,Indonesia,Customer 1,C3,Global,2016-10-06,3,Manager 03,FEM3,Manager 10,10,Channel 1,1,Outlet 1,Skin Care,Market 5,Channel 1,LS3,5,3,MIX,Gifting,0,0.9,0.87,Ice Cream,Beverage and Refreshments,Market 5,1,0.8,Province 1,HPC&F2016-10-063,North,Urban,1,0.9,0.282,HPC&F,Area 1,Reg 1,Route 1,Territory 1,Manager 08,8,Loc 1,Hypermarket,Yes,3,3,37,34,MT,6P
Banner 1,1,4,Hypermarket,City 1,1,Commune 1,Indonesia,Customer 1,C4,Global,2016-09-06,4,Manager 01,FEM4,Manager 10,10,Channel 1,1,Outlet 1,Skin Care,Market 6,Channel 1,LS4,6,4,MIX,Gifting,0,0.9,0.432,Ice Cream,Beverage and Refreshments,Market 6,1,0.8,Province 1,HPC&F2016-09-064,North,Urban,0,0.9,0.025,HPC&F,Area 1,Reg 1,Route 1,Territory 1,Manager 10,10,Loc 1,Hypermarket,Yes,1,1,5,37,MT,6P
Banner 1,1,5,Hypermarket,City 1,1,Commune 1,Indonesia,Customer 1,C5,Global,2016-08-06,5,Manager 03,FEM5,Manager 10,10,Channel 1,1,Outlet 1,Skin Care,Market 6,Channel 1,LS5,6,5,MIX,Men's Zone,0,0.9,0.553,Ice Cream,Beverage and Refreshments,Market 6,1,0.8,Province 1,HPC&F2016-08-065,North,Urban,0,0.9,0.877,HPC&F,Area 1,Reg 1,Route 1,Territory 1,Manager 08,8,Loc 1,Hypermarket,Yes,3,3,17,45,MT,6P
Banner 1,1,6,Hypermarket,City 1,1,Commune 1,Indonesia,Customer 1,C6,Global,2016-07-06,6,Manager 09,FEM6,Manager 08,8,Channel 1,1,Outlet 1,Skin Care,Market 1,Channel 1,LS6,1,6,MIX,Gifting,0,0.9,0.307,Skin Care,HPC,Market 1,1,0.8,Province 1,HPC&F2016-07-066,North,Urban,0,0.9,0.109,HPC&F,Area 1,Reg 1,Route 1,Territory 1,Manager 02,2,Loc 1,Hypermarket,Yes,9,9,25,40,MT,6P
Banner 1,1,7,Hypermarket,City 1,1,Commune 1,Indonesia,Customer 1,C7,Global,2016-06-06,7,Manager 05,FEM7,Manager 10,10,Channel 1,1,Outlet 1,Skin Care,Market 3,Channel 1,LS7,3,7,MIX,Gifting,1,0.9,0.256,Hair,HPC,Market 3,1,0.8,Province 1,HPC&F2016-06-067,North,Urban,0,0.9,0.76,HPC&F,Area 1,Reg 1,Route 1,Territory 1,Manager 06,6,Loc 1,Hypermarket,Yes,5,5,49,2,MT,6P
Banner 1,1,8,Hypermarket,City 1,1,Commune 1,Indonesia,Customer 1,C8,Global,2016-05-06,8,Manager 03,FEM8,Manager 10,10,Channel 1,1,Outlet 1,Skin Care,Market 5,Channel 1,LS8,5,8,MIX,Men's Zone,0,0.9,0.727,Ice Cream,Beverage and Refreshments,Market 5,1,0.8,Province 1,IC2016-05-068,North,Urban,0,0.9,0.475,IC,Area 1,Reg 1,Route 1,Territory 1,Manager 08,8,Loc 1,Hypermarket,Yes,3,3,38,25,MT,6P
Banner 1,1,9,Hypermarket,City 1,1,Commune 1,Indonesia,Customer 1,C9,Global,2016-04-06,9,Manager 01,FEM9,Manager 10,10,Channel 1,1,Outlet 1,Hair,Market 6,Channel 1,LS9,6,9,MIX,Men's Zone,0,0.9,0.831,Ice Cream,Beverage and Refreshments,Market 6,1,0.8,Province 1,HPC&F2016-04-069,North,Urban,0,0.9,0.375,HPC&F,Area 1,Reg 1,Route 1,Territory 1,Manager 10,10,Loc 1,Hypermarket,Yes,1,1,25,23,MT,6P
Banner 1,1,10,Hypermarket,City 1,1,Commune 1,Indonesia,Customer 1,C10,Global,2016-03-06,10,Manager 03,FEM10,Manager 10,10,Channel 1,1,Outlet 1,Hair,Market 6,Channel 1,LS10,6,10,MIX,Men's Zone,0,0.9,0.905,Ice Cream,Beverage and Refreshments,Market 6,1,0.8,Province 1,IC2016-03-0610,North,Urban,0,0.9,0.774,IC,Area 1,Reg 1,Route 1,Territory 1,Manager 08,8,Loc 1,Hypermarket,Yes,3,3,14,43,MT,6P
Banner 1,1,4,Hypermarket,City 1,1,Commune 1,Indonesia,Customer 1,C11,Global,2016-12-06,4,Manager 09,FEM11,Manager 08,8,Channel 1,1,Outlet 1,Hair,Market 1,Channel 1,LS11,1,11,MIX,Men's Zone,0,0.9,0.229,Skin Care,HPC,Market 1,1,0.8,Province 1,HPC&F2016-12-0611,North,Urban,0,0.9,0.029,HPC&F,Area 1,Reg 1,Route 1,Territory 1,Manager 02,2,Loc 1,Hypermarket,Yes,9,9,28,24,MT,6P
Banner 1,1,5,Hypermarket,City 1,1,Commune 1,Indonesia,Customer 1,C12,Global,2016-11-06,5,Manager 05,FEM12,Manager 10,10,Channel 1,1,Outlet 1,Hair,Market 3,Channel 1,LS12,3,12,MIX,Gifting,1,0.9,0.006,Hair,HPC,Market 3,1,0.8,Province 1,HPC&F2016-11-0612,North,Urban,0,0.9,0.425,HPC&F,Area 1,Reg 1,Route 1,Territory 1,Manager 06,6,Loc 1,Hypermarket,Yes,5,5,42,8,MT,6P
Banner 1,1,6,Hypermarket,City 1,1,Commune 1,Indonesia,Customer 1,C13,Global,2016-10-06,6,Manager 03,FEM13,Manager 10,10,Channel 1,1,Outlet 1,Hair,Market 5,Channel 1,LS13,5,13,MIX,Men's Zone,1,0.9,0.281,Ice Cream,Beverage and Refreshments,Market 5,0,0.8,Province 1,HPC&F2016-10-0613,North,Urban,1,0.9,0.856,HPC&F,Area 1,Reg 1,Route 1,Territory 1,Manager 08,8,Loc 1,Hypermarket,Yes,2,3,46,32,MT,6P
Banner 1,1,7,Hypermarket,City 1,1,Commune 1,Indonesia,Customer 1,C14,Global,2016-09-06,7,Manager 01,FEM14,Manager 10,10,Channel 1,1,Outlet 1,Ice Cream,Market 6,Channel 1,LS14,6,14,MIX,Gifting,0,0.9,0.365,Ice Cream,Beverage and Refreshments,Market 6,1,0.8,Province 1,HPC&F2016-09-0614,North,Urban,0,0.9,0.302,HPC&F,Area 1,Reg 1,Route 1,Territory 1,Manager 10,10,Loc 1,Hypermarket,Yes,1,1,21,49,MT,6P
Banner 1,1,5,Hypermarket,City 1,1,Commune 1,Indonesia,Customer 1,C15,Global,2016-08-06,5,Manager 03,FEM15,Manager 10,10,Channel 1,1,Outlet 1,Ice Cream,Market 6,Channel 1,LS15,6,15,MIX,Gifting,0,0.9,0.159,Ice Cream,Beverage and Refreshments,Market 6,1,0.8,Province 1,IC2016-08-0615,North,Urban,0,0.9,0.006,IC,Area 1,Reg 1,Route 1,Territory 1,Manager 08,8,Loc 1,Hypermarket,Yes,3,3,28,38,MT,6P
Banner 1,1,6,Hypermarket,City 1,1,Commune 1,Indonesia,Customer 1,C16,Global,2016-07-06,6,Manager 09,FEM16,Manager 08,8,Channel 1,1,Outlet 1,Ice Cream,Market 1,Channel 1,LS16,1,16,MIX,Gifting,1,0.9,0.828,Skin Care,HPC,Market 1,1,0.8,Province 1,HPC&F2016-07-0616,North,Urban,0,0.9,0.84,HPC&F,Area 1,Reg 1,Route 1,Territory 1,Manager 02,2,Loc 1,Hypermarket,Yes,9,9,14,19,MT,6P
Banner 1,1,7,Hypermarket,City 1,1,Commune 1,Indonesia,Customer 1,C17,Global,2016-06-06,7,Manager 05,FEM17,Manager 10,10,Channel 1,1,Outlet 1,Ice Cream,Market 3,Channel 1,LS17,3,17,MIX,Gifting,0,0.9,0.326,Hair,HPC,Market 3,1,0.8,Province 1,HPC&F2016-06-0617,North,Urban,1,0.9,0.066,HPC&F,Area 1,Reg 1,Route 1,Territory 1,Manager 06,6,Loc 1,Hypermarket,Yes,5,5,9,2,MT,6P
Banner 1,1,8,Hypermarket,City 1,1,Commune 1,Indonesia,Customer 1,C18,Global,2016-05-06,8,Manager 03,FEM18,Manager 10,10,Channel 1,1,Outlet 1,Ice Cream,Market 5,Channel 1,LS18,5,18,MIX,Men's Zone,0,0.9,0.254,Ice Cream,Beverage and Refreshments,Market 5,1,0.8,Province 1,IC2016-05-0618,North,Urban,0,0.9,0.012,IC,Area 1,Reg 1,Route 1,Territory 1,Manager 08,8,Loc 1,Hypermarket,Yes,3,3,23,14,MT,6P
Banner 1,1,9,Hypermarket,City 1,1,Commune 1,Indonesia,Customer 1,C19,Global,2016-04-06,9,Manager 01,FEM19,Manager 10,10,Channel 1,1,Outlet 1,Ice Cream,Market 6,Channel 1,LS19,6,19,MIX,Gifting,0,0.9,0.759,Ice Cream,Beverage and Refreshments,Market 6,1,0.8,Province 1,IC2016-04-0619,North,Urban,0,0.9,0.245,IC,Area 1,Reg 1,Route 1,Territory 1,Manager 10,10,Loc 1,Hypermarket,Yes,1,1,0,15,MT,6P
Banner 1,1,10,Hypermarket,City 1,1,Commune 1,Indonesia,Customer 1,C20,Global,2016-03-06,10,Manager 03,FEM20,Manager 10,10,Channel 1,1,Outlet 1,Ice Cream,Market 6,Channel 1,LS20,6,20,MIX,Men's Zone,1,0.9,0.118,Ice Cream,Beverage and Refreshments,Market 6,0,0.8,Province 1,HPC&F2016-03-0620,North,Urban,0,0.9,0.689,HPC&F,Area 1,Reg 1,Route 1,Territory 1,Manager 08,8,Loc 1,Hypermarket,Yes,2,3,15,46,MT,6P
Banner 1,1,7,Hypermarket,City 1,1,Commune 1,Indonesia,Customer 1,C21,Global,2016-12-06,7,Manager 09,FEM21,Manager 08,8,Channel 1,1,Outlet 1,Skin Care,Market 1,Channel 1,LS21,1,21,MIX,Men's Zone,1,0.9,0.216,Skin Care,HPC,Market 1,1,0.8,Province 1,IC2016-12-0621,North,Urban,0,0.9,0.903,IC,Area 1,Reg 1,Route 1,Territory 1,Manager 02,2,Loc 1,Hypermarket,Yes,9,9,12,50,MT,6P
Banner 1,1,8,Hypermarket,City 1,1,Commune 1,Indonesia,Customer 1,C22,Global,2016-11-06,8,Manager 05,FEM22,Manager 10,10,Channel 1,1,Outlet 1,Skin Care,Market 3,Channel 1,LS22,3,22,MIX,Gifting,0,0.9,0.385,Hair,HPC,Market 3,1,0.8,Province 1,HPC&F2016-11-0622,North,Urban,0,0.9,0.779,HPC&F,Area 1,Reg 1,Route 1,Territory 1,Manager 06,6,Loc 1,Hypermarket,Yes,5,5,40,18,MT,6P
Banner 1,1,8,Hypermarket,City 1,1,Commune 1,Indonesia,Customer 1,C23,Global,2016-10-06,8,Manager 03,FEM23,Manager 10,10,Channel 1,1,Outlet 1,Skin Care,Market 5,Channel 1,LS23,5,23,MIX,Men's Zone,1,0.9,0.455,Ice Cream,Beverage and Refreshments,Market 5,1,0.8,Province 1,HPC&F2016-10-0623,North,Urban,1,0.9,0.381,HPC&F,Area 1,Reg 1,Route 1,Territory 1,Manager 08,8,Loc 1,Hypermarket,Yes,3,3,2,5,MT,6P
Banner 1,1,8,Hypermarket,City 1,1,Commune 1,Indonesia,Customer 1,C24,Global,2016-09-06,8,Manager 01,FEM24,Manager 10,10,Channel 1,1,Outlet 1,Skin Care,Market 6,Channel 1,LS24,6,24,MIX,Men's Zone,1,0.9,0.157,Ice Cream,Beverage and Refreshments,Market 6,1,0.8,Province 1,IC2016-09-0624,North,Urban,1,0.9,0.293,IC,Area 1,Reg 1,Route 1,Territory 1,Manager 10,10,Loc 1,Hypermarket,Yes,1,1,21,29,MT,6P
Banner 1,1,1,Hypermarket,City 1,1,Commune 1,Indonesia,Customer 1,C25,Global,2016-08-06,1,Manager 03,FEM25,Manager 10,10,Channel 1,1,Outlet 1,Skin Care,Market 6,Channel 1,LS25,6,25,MIX,Men's Zone,1,0.9,0.538,Ice Cream,Beverage and Refreshments,Market 6,1,0.8,Province 1,IC2016-08-0625,North,Urban,0,0.9,0.214,IC,Area 1,Reg 1,Route 1,Territory 1,Manager 08,8,Loc 1,Hypermarket,Yes,3,3,25,47,MT,6P
Banner 1,1,1,Hypermarket,City 1,1,Commune 1,Indonesia,Customer 1,C26,Global,2016-07-06,1,Manager 09,FEM26,Manager 08,8,Channel 1,1,Outlet 1,Skin Care,Market 1,Channel 1,LS26,1,26,MIX,Men's Zone,0,0.9,0.491,Skin Care,HPC,Market 1,1,0.8,Province 1,IC2016-07-0626,North,Urban,1,0.9,0.808,IC,Area 1,Reg 1,Route 1,Territory 1,Manager 02,2,Loc 1,Hypermarket,Yes,9,9,41,47,MT,6P
Banner 1,1,1,Hypermarket,City 1,1,Commune 1,Indonesia,Customer 1,C27,Global,2016-06-06,1,Manager 05,FEM27,Manager 10,10,Channel 1,1,Outlet 1,Skin Care,Market 3,Channel 1,LS27,3,27,MIX,Men's Zone,0,0.9,0.686,Hair,HPC,Market 3,1,0.8,Province 1,IC2016-06-0627,North,Urban,0,0.9,0.963,IC,Area 1,Reg 1,Route 1,Territory 1,Manager 06,6,Loc 1,Hypermarket,Yes,5,5,38,15,MT,6P
Banner 1,1,2,Hypermarket,City 1,1,Commune 1,Indonesia,Customer 1,C28,Global,2016-05-06,2,Manager 03,FEM28,Manager 10,10,Channel 1,1,Outlet 1,Skin Care,Market 5,Channel 1,LS28,5,28,MIX,Gifting,1,0.9,0.888,Ice Cream,Beverage and Refreshments,Market 5,1,0.8,Province 1,HPC&F2016-05-0628,North,Urban,1,0.9,0.18,HPC&F,Area 1,Reg 1,Route 1,Territory 1,Manager 08,8,Loc 1,Hypermarket,Yes,3,3,13,23,MT,6P
Banner 1,1,2,Hypermarket,City 1,1,Commune 1,Indonesia,Customer 1,C29,Global,2016-04-06,2,Manager 01,FEM29,Manager 10,10,Channel 1,1,Outlet 1,Skin Care,Market 6,Channel 1,LS29,6,29,MIX,Gifting,1,0.9,0.491,Ice Cream,Beverage and Refreshments,Market 6,1,0.8,Province 1,IC2016-04-0629,North,Urban,1,0.9,0.934,IC,Area 1,Reg 1,Route 1,Territory 1,Manager 10,10,Loc 1,Hypermarket,Yes,1,1,23,28,MT,6P
Banner 1,1,2,Hypermarket,City 1,1,Commune 1,Indonesia,Customer 1,C30,Global,2016-03-06,2,Manager 03,FEM30,Manager 10,10,Channel 1,1,Outlet 1,Hair,Market 6,Channel 1,LS30,6,30,MIX,Gifting,0,0.9,0.163,Ice Cream,Beverage and Refreshments,Market 6,1,0.8,Province 1,IC2016-03-0630,North,Urban,1,0.9,0.249,IC,Area 1,Reg 1,Route 1,Territory 1,Manager 08,8,Loc 1,Hypermarket,Yes,3,3,44,7,MT,6P
Banner 1,1,3,Hypermarket,City 1,1,Commune 1,Indonesia,Customer 1,C31,Global,2016-12-06,3,Manager 09,FEM31,Manager 08,8,Channel 1,1,Outlet 1,Hair,Market 1,Channel 1,LS31,1,31,MIX,Men's Zone,0,0.9,0.907,Skin Care,HPC,Market 1,1,0.8,Province 1,HPC&F2016-12-0631,North,Urban,1,0.9,0.465,HPC&F,Area 1,Reg 1,Route 1,Territory 1,Manager 02,2,Loc 1,Hypermarket,Yes,9,9,48,26,MT,6P
Banner 1,1,3,Hypermarket,City 1,1,Commune 1,Indonesia,Customer 1,C32,Global,2016-11-06,3,Manager 05,FEM32,Manager 10,10,Channel 1,1,Outlet 1,Hair,Market 3,Channel 1,LS32,3,32,MIX,Men's Zone,0,0.9,0.377,Hair,HPC,Market 3,1,0.8,Province 1,IC2016-11-0632,North,Urban,1,0.9,0.545,IC,Area 1,Reg 1,Route 1,Territory 1,Manager 06,6,Loc 1,Hypermarket,Yes,5,5,15,10,MT,6P
Banner 1,1,3,Hypermarket,City 1,1,Commune 1,Indonesia,Customer 1,C33,Global,2016-10-06,3,Manager 03,FEM33,Manager 10,10,Channel 1,1,Outlet 1,Hair,Market 5,Channel 1,LS33,5,33,MIX,Gifting,1,0.9,0.035,Ice Cream,Beverage and Refreshments,Market 5,1,0.8,Province 1,HPC&F2016-10-0633,North,Urban,0,0.9,0.495,HPC&F,Area 1,Reg 1,Route 1,Territory 1,Manager 08,8,Loc 1,Hypermarket,Yes,3,3,6,38,MT,6P
Banner 1,1,4,Hypermarket,City 1,1,Commune 1,Indonesia,Customer 1,C34,Global,2016-09-06,4,Manager 01,FEM34,Manager 10,10,Channel 1,1,Outlet 1,Hair,Market 6,Channel 1,LS34,6,34,MIX,Men's Zone,0,0.9,0.158,Ice Cream,Beverage and Refreshments,Market 6,1,0.8,Province 1,IC2016-09-0634,North,Urban,1,0.9,0.608,IC,Area 1,Reg 1,Route 1,Territory 1,Manager 10,10,Loc 1,Hypermarket,Yes,1,1,41,3,MT,6P
Banner 1,1,4,Hypermarket,City 1,1,Commune 1,Indonesia,Customer 1,C35,Global,2016-08-06,4,Manager 03,FEM35,Manager 10,10,Channel 1,1,Outlet 1,Ice Cream,Market 6,Channel 1,LS35,6,35,MIX,Men's Zone,0,0.9,0.37,Ice Cream,Beverage and Refreshments,Market 6,1,0.8,Province 1,IC2016-08-0635,North,Urban,0,0.9,0.833,IC,Area 1,Reg 1,Route 1,Territory 1,Manager 08,8,Loc 1,Hypermarket,Yes,3,3,13,1,MT,6P
Banner 1,1,4,Hypermarket,City 1,1,Commune 1,Indonesia,Customer 1,C36,Global,2016-07-06,4,Manager 09,FEM36,Manager 08,8,Channel 1,1,Outlet 1,Ice Cream,Market 1,Channel 1,LS36,1,36,MIX,Men's Zone,0,0.9,0.033,Skin Care,HPC,Market 1,1,0.8,Province 1,IC2016-07-0636,North,Urban,1,0.9,0.961,IC,Area 1,Reg 1,Route 1,Territory 1,Manager 02,2,Loc 1,Hypermarket,Yes,9,9,21,45,MT,6P
Banner 1,1,5,Hypermarket,City 1,1,Commune 1,Indonesia,Customer 1,C37,Global,2016-06-06,5,Manager 05,FEM37,Manager 10,10,Channel 1,1,Outlet 1,Ice Cream,Market 3,Channel 1,LS37,3,37,MIX,Men's Zone,0,0.9,0.766,Hair,HPC,Market 3,1,0.8,Province 1,HPC&F2016-06-0637,North,Urban,0,0.9,0.095,HPC&F,Area 1,Reg 1,Route 1,Territory 1,Manager 06,6,Loc 1,Hypermarket,Yes,5,5,24,32,MT,6P
Banner 1,1,5,Hypermarket,City 1,1,Commune 1,Indonesia,Customer 1,C38,Global,2016-05-06,5,Manager 03,FEM38,Manager 10,10,Channel 1,1,Outlet 1,Ice Cream,Market 5,Channel 1,LS38,5,38,MIX,Men's Zone,0,0.9,0.282,Ice Cream,Beverage and Refreshments,Market 5,1,0.8,Province 1,HPC&F2016-05-0638,North,Urban,0,0.9,0.944,HPC&F,Area 1,Reg 1,Route 1,Territory 1,Manager 08,8,Loc 1,Hypermarket,Yes,3,3,47,22,MT,6P
Banner 1,1,5,Hypermarket,City 1,1,Commune 1,Indonesia,Customer 1,C39,Global,2016-04-06,5,Manager 01,FEM39,Manager 10,10,Channel 1,1,Outlet 1,Ice Cream,Market 6,Channel 1,LS39,6,39,MIX,Gifting,0,0.9,0.248,Ice Cream,Beverage and Refreshments,Market 6,1,0.8,Province 1,IC2016-04-0639,North,Urban,0,0.9,0.127,IC,Area 1,Reg 1,Route 1,Territory 1,Manager 10,10,Loc 1,Hypermarket,Yes,1,1,33,19,MT,6P
Banner 1,1,6,Hypermarket,City 1,1,Commune 1,Indonesia,Customer 1,C40,Global,2016-03-06,6,Manager 03,FEM40,Manager 10,10,Channel 1,1,Outlet 1,Ice Cream,Market 6,Channel 1,LS40,6,40,MIX,Men's Zone,1,0.9,0.474,Ice Cream,Beverage and Refreshments,Market 6,1,0.8,Province 1,HPC&F2016-03-0640,North,Urban,1,0.9,0.485,HPC&F,Area 1,Reg 1,Route 1,Territory 1,Manager 08,8,Loc 1,Hypermarket,Yes,3,3,10,7,MT,6P
Banner 1,1,6,Hypermarket,City 1,1,Commune 1,Indonesia,Customer 1,C41,Global,2016-12-06,6,Manager 09,FEM41,Manager 08,8,Channel 1,1,Outlet 1,Ice Cream,Market 1,Channel 1,LS41,1,41,MIX,Men's Zone,1,0.9,0.055,Skin Care,HPC,Market 1,1,0.8,Province 1,HPC&F2016-12-0641,North,Urban,1,0.9,0.07,HPC&F,Area 1,Reg 1,Route 1,Territory 1,Manager 02,2,Loc 1,Hypermarket,Yes,9,9,24,5,MT,6P
Banner 1,1,6,Hypermarket,City 1,1,Commune 1,Indonesia,Customer 1,C42,Global,2016-11-06,6,Manager 05,FEM42,Manager 10,10,Channel 1,1,Outlet 1,Skin Care,Market 3,Channel 1,LS42,3,42,MIX,Gifting,1,0.9,0.08,Hair,HPC,Market 3,0,0.8,Province 1,IC2016-11-0642,North,Urban,1,0.9,0.657,IC,Area 1,Reg 1,Route 1,Territory 1,Manager 06,6,Loc 1,Hypermarket,Yes,4,5,39,49,MT,6P
Banner 1,1,7,Hypermarket,City 1,1,Commune 1,Indonesia,Customer 1,C43,Global,2016-10-06,7,Manager 03,FEM43,Manager 10,10,Channel 1,1,Outlet 1,Skin Care,Market 5,Channel 1,LS43,5,43,MIX,Men's Zone,1,0.9,0.176,Ice Cream,Beverage and Refreshments,Market 5,1,0.8,Province 1,IC2016-10-0643,North,Urban,0,0.9,0.561,IC,Area 1,Reg 1,Route 1,Territory 1,Manager 08,8,Loc 1,Hypermarket,Yes,3,3,20,17,MT,6P
Banner 1,1,7,Hypermarket,City 1,1,Commune 1,Indonesia,Customer 1,C44,Global,2016-09-06,7,Manager 01,FEM44,Manager 10,10,Channel 1,1,Outlet 1,Skin Care,Market 6,Channel 1,LS44,6,44,MIX,Gifting,1,0.9,0.037,Ice Cream,Beverage and Refreshments,Market 6,1,0.8,Province 1,IC2016-09-0644,North,Urban,1,0.9,0.873,IC,Area 1,Reg 1,Route 1,Territory 1,Manager 10,10,Loc 1,Hypermarket,Yes,1,1,6,36,MT,6P
Banner 1,1,7,Hypermarket,City 1,1,Commune 1,Indonesia,Customer 1,C45,Global,2016-08-06,7,Manager 03,FEM45,Manager 10,10,Channel 1,1,Outlet 1,Skin Care,Market 6,Channel 1,LS45,6,45,MIX,Gifting,1,0.9,0.789,Ice Cream,Beverage and Refreshments,Market 6,1,0.8,Province 1,IC2016-08-0645,North,Urban,1,0.9,0.515,IC,Area 1,Reg 1,Route 1,Territory 1,Manager 08,8,Loc 1,Hypermarket,Yes,3,3,39,37,MT,6P
Banner 1,1,8,Hypermarket,City 1,1,Commune 1,Indonesia,Customer 1,C46,Global,2016-07-06,8,Manager 09,FEM46,Manager 08,8,Channel 1,1,Outlet 1,Skin Care,Market 1,Channel 1,LS46,1,46,MIX,Men's Zone,1,0.9,0.504,Skin Care,HPC,Market 1,0,0.8,Province 1,IC2016-07-0646,North,Urban,1,0.9,0.109,IC,Area 1,Reg 1,Route 1,Territory 1,Manager 02,2,Loc 1,Hypermarket,Yes,7,9,47,23,MT,6P
Banner 1,1,8,Hypermarket,City 1,1,Commune 1,Indonesia,Customer 1,C47,Global,2016-06-06,8,Manager 05,FEM47,Manager 10,10,Channel 1,1,Outlet 1,Skin Care,Market 3,Channel 1,LS47,3,47,MIX,Men's Zone,0,0.9,0.23,Hair,HPC,Market 3,0,0.8,Province 1,HPC&F2016-06-0647,North,Urban,0,0.9,0.819,HPC&F,Area 1,Reg 1,Route 1,Territory 1,Manager 06,6,Loc 1,Hypermarket,Yes,4,5,5,13,MT,6P
Banner 1,1,8,Hypermarket,City 1,1,Commune 1,Indonesia,Customer 1,C48,Global,2016-05-06,8,Manager 03,FEM48,Manager 10,10,Channel 1,1,Outlet 1,Skin Care,Market 5,Channel 1,LS48,5,48,MIX,Men's Zone,1,0.9,0.979,Ice Cream,Beverage and Refreshments,Market 5,1,0.8,Province 1,HPC&F2016-05-0648,North,Urban,0,0.9,0.085,HPC&F,Area 1,Reg 1,Route 1,Territory 1,Manager 08,8,Loc 1,Hypermarket,Yes,3,3,12,20,MT,6P
Banner 1,1,1,Hypermarket,City 1,1,Commune 1,Indonesia,Customer 1,C49,Global,2016-04-06,1,Manager 01,FEM49,Manager 10,10,Channel 1,1,Outlet 1,Skin Care,Market 6,Channel 1,LS49,6,49,MIX,Gifting,0,0.9,0.19,Ice Cream,Beverage and Refreshments,Market 6,1,0.8,Province 1,HPC&F2016-04-0649,North,Urban,1,0.9,0.768,HPC&F,Area 1,Reg 1,Route 1,Territory 1,Manager 10,10,Loc 1,Hypermarket,Yes,1,1,33,38,MT,6P
Banner 1,1,1,Hypermarket,City 1,1,Commune 1,Indonesia,Customer 1,C50,Global,2016-03-06,1,Manager 03,FEM50,Manager 10,10,Channel 1,1,Outlet 1,Skin Care,Market 6,Channel 1,LS50,6,50,MIX,Gifting,0,0.9,0.677,Ice Cream,Beverage and Refreshments,Market 6,1,0.8,Province 1,HPC&F2016-03-0650,North,Urban,0,0.9,0.916,HPC&F,Area 1,Reg 1,Route 1,Territory 1,Manager 08,8,Loc 1,Hypermarket,Yes,3,3,45,42,MT,6P
Banner 1,1,1,Hypermarket,City 1,1,Commune 1,Indonesia,Customer 1,C51,Global,2016-12-06,1,Manager 09,FEM51,Manager 08,8,Channel 1,1,Outlet 1,Hair,Market 1,Channel 1,LS51,1,51,MIX,Men's Zone,1,0.9,0.841,Skin Care,HPC,Market 1,1,0.8,Province 1,HPC&F2016-12-0651,North,Urban,1,0.9,0.309,HPC&F,Area 1,Reg 1,Route 1,Territory 1,Manager 02,2,Loc 1,Hypermarket,Yes,9,9,42,23,MT,6P
Banner 1,1,2,Hypermarket,City 1,1,Commune 1,Indonesia,Customer 1,C52,Global,2016-11-06,2,Manager 05,FEM52,Manager 10,10,Channel 1,1,Outlet 1,Hair,Market 3,Channel 1,LS52,3,52,MIX,Gifting,1,0.9,0.146,Hair,HPC,Market 3,1,0.8,Province 1,IC2016-11-0652,North,Urban,0,0.9,0.017,IC,Area 1,Reg 1,Route 1,Territory 1,Manager 06,6,Loc 1,Hypermarket,Yes,5,5,41,33,MT,6P
Banner 1,1,2,Hypermarket,City 1,1,Commune 1,Indonesia,Customer 1,C53,Global,2016-10-06,2,Manager 03,FEM53,Manager 10,10,Channel 1,1,Outlet 1,Hair,Market 5,Channel 1,LS53,5,53,MIX,Men's Zone,1,0.9,0.716,Ice Cream,Beverage and Refreshments,Market 5,1,0.8,Province 1,HPC&F2016-10-0653,North,Urban,0,0.9,0.796,HPC&F,Area 1,Reg 1,Route 1,Territory 1,Manager 08,8,Loc 1,Hypermarket,Yes,3,3,13,32,MT,6P
Banner 1,1,2,Hypermarket,City 1,1,Commune 1,Indonesia,Customer 1,C54,Global,2016-09-06,2,Manager 01,FEM54,Manager 10,10,Channel 1,1,Outlet 1,Hair,Market 6,Channel 1,LS54,6,54,MIX,Gifting,0,0.9,0.686,Ice Cream,Beverage and Refreshments,Market 6,1,0.8,Province 1,IC2016-09-0654,North,Urban,1,0.9,0.279,IC,Area 1,Reg 1,Route 1,Territory 1,Manager 10,10,Loc 1,Hypermarket,Yes,1,1,4,33,MT,6P
Banner 1,1,3,Hypermarket,City 1,1,Commune 1,Indonesia,Customer 1,C55,Global,2016-08-06,3,Manager 03,FEM55,Manager 10,10,Channel 1,1,Outlet 1,Hair,Market 6,Channel 1,LS55,6,55,MIX,Gifting,0,0.9,0.674,Ice Cream,Beverage and Refreshments,Market 6,1,0.8,Province 1,HPC&F2016-08-0655,North,Urban,0,0.9,0.653,HPC&F,Area 1,Reg 1,Route 1,Territory 1,Manager 08,8,Loc 1,Hypermarket,Yes,3,3,44,42,MT,6P
Banner 1,1,3,Hypermarket,City 1,1,Commune 1,Indonesia,Customer 1,C56,Global,2016-07-06,3,Manager 09,FEM56,Manager 08,8,Channel 1,1,Outlet 1,Ice Cream,Market 1,Channel 1,LS56,1,56,MIX,Gifting,1,0.9,0.084,Skin Care,HPC,Market 1,1,0.8,Province 1,HPC&F2016-07-0656,North,Urban,1,0.9,0.22,HPC&F,Area 1,Reg 1,Route 1,Territory 1,Manager 02,2,Loc 1,Hypermarket,Yes,9,9,8,28,MT,6P
Banner 10,10,3,Discounters,City 1,1,Commune 1,Indonesia,Customer 10,C57,Global,2016-06-06,3,Manager 05,FEM57,Manager 10,10,Channel 1,1,Outlet 10,Ice Cream,Market 3,Channel 1,LS57,3,57,MIX,Gifting,1,0.9,0.348,Hair,HPC,Market 3,1,0.8,Province 1,HPC&F2016-06-0657,North,Urban,1,0.9,0.895,HPC&F,Area 1,Reg 1,Route 1,Territory 1,Manager 06,6,Loc 1,Discounters,Yes,5,5,11,34,MT,6P
Banner 10,10,4,Discounters,City 1,1,Commune 1,Indonesia,Customer 10,C58,Global,2016-05-06,4,Manager 03,FEM58,Manager 10,10,Channel 1,1,Outlet 10,Ice Cream,Market 5,Channel 1,LS58,5,58,MIX,Gifting,0,0.9,0.752,Ice Cream,Beverage and Refreshments,Market 5,1,0.8,Province 1,HPC&F2016-05-0658,North,Urban,0,0.9,0.989,HPC&F,Area 1,Reg 1,Route 1,Territory 1,Manager 08,8,Loc 1,Discounters,Yes,3,3,8,46,MT,6P
Banner 10,10,4,Discounters,City 1,1,Commune 1,Indonesia,Customer 10,C59,Global,2016-04-06,4,Manager 01,FEM59,Manager 10,10,Channel 10,10,Outlet 10,Ice Cream,Market 6,Channel 10,LS59,6,59,MIX,Gifting,1,0.9,0.473,Ice Cream,Beverage and Refreshments,Market 6,1,0.8,Province 1,IC2016-04-0659,North,Urban,0,0.9,0.002,IC,Area 1,Reg 1,Route 1,Territory 1,Manager 10,10,Loc 1,Discounters,Yes,1,1,46,38,MT,6P
Banner 10,10,4,Discounters,City 1,1,Commune 1,Indonesia,Customer 10,C60,Global,2016-03-06,4,Manager 03,FEM60,Manager 10,10,Channel 10,10,Outlet 10,Ice Cream,Market 6,Channel 10,LS60,6,60,MIX,Men's Zone,1,0.9,0.335,Ice Cream,Beverage and Refreshments,Market 6,0,0.8,Province 1,HPC&F2016-03-0660,North,Urban,1,0.9,0.877,HPC&F,Area 1,Reg 1,Route 1,Territory 1,Manager 08,8,Loc 1,Discounters,Yes,2,3,33,10,MT,6P
Banner 10,10,5,Discounters,City 1,1,Commune 1,Indonesia,Customer 10,C61,Global,2016-12-06,5,Manager 09,FEM61,Manager 08,8,Channel 10,10,Outlet 10,Ice Cream,Market 1,Channel 10,LS61,1,61,MIX,Gifting,0,0.9,0.323,Skin Care,HPC,Market 1,0,0.8,Province 1,HPC&F2016-12-0661,North,Urban,0,0.9,0.786,HPC&F,Area 1,Reg 1,Route 1,Territory 1,Manager 02,2,Loc 1,Discounters,Yes,8,9,14,34,MT,6P
Banner 10,10,5,Discounters,City 1,1,Commune 1,Indonesia,Customer 10,C62,Global,2016-11-06,5,Manager 05,FEM62,Manager 10,10,Channel 10,10,Outlet 10,Ice Cream,Market 3,Channel 10,LS62,3,62,MIX,Men's Zone,1,0.9,0.858,Hair,HPC,Market 3,1,0.8,Province 1,IC2016-11-0662,North,Urban,0,0.9,0.399,IC,Area 1,Reg 1,Route 1,Territory 1,Manager 06,6,Loc 1,Discounters,Yes,5,5,49,15,MT,6P
Banner 10,10,5,Discounters,City 1,1,Commune 1,Indonesia,Customer 10,C63,Global,2016-10-06,5,Manager 03,FEM63,Manager 10,10,Channel 10,10,Outlet 10,Skin Care,Market 5,Channel 10,LS63,5,63,MIX,Gifting,0,0.9,0.001,Ice Cream,Beverage and Refreshments,Market 5,1,0.8,Province 1,HPC&F2016-10-0663,North,Urban,1,0.9,0.507,HPC&F,Area 1,Reg 1,Route 1,Territory 1,Manager 08,8,Loc 1,Discounters,Yes,3,3,25,3,MT,6P
Banner 10,10,6,Discounters,City 1,1,Commune 1,Indonesia,Customer 10,C64,Global,2016-09-06,6,Manager 01,FEM64,Manager 10,10,Channel 10,10,Outlet 10,Skin Care,Market 6,Channel 10,LS64,6,64,MIX,Men's Zone,1,0.9,0.788,Ice Cream,Beverage and Refreshments,Market 6,1,0.8,Province 1,IC2016-09-0664,North,Urban,1,0.9,0.787,IC,Area 1,Reg 1,Route 1,Territory 1,Manager 10,10,Loc 1,Discounters,Yes,1,1,3,5,MT,6P
Banner 10,10,6,Discounters,City 1,1,Commune 1,Indonesia,Customer 10,C65,Global,2016-08-06,6,Manager 03,FEM65,Manager 10,10,Channel 10,10,Outlet 10,Skin Care,Market 6,Channel 10,LS65,6,65,MIX,Gifting,0,0.9,0.524,Ice Cream,Beverage and Refreshments,Market 6,1,0.8,Province 1,IC2016-08-0665,North,Urban,0,0.9,0.192,IC,Area 1,Reg 1,Route 1,Territory 1,Manager 08,8,Loc 1,Discounters,Yes,3,3,14,31,MT,6P
Banner 10,10,6,Discounters,City 1,1,Commune 1,Indonesia,Customer 10,C66,Global,2016-07-06,6,Manager 09,FEM66,Manager 08,8,Channel 10,10,Outlet 10,Skin Care,Market 1,Channel 10,LS66,1,66,MIX,Men's Zone,1,0.9,0.742,Skin Care,HPC,Market 1,1,0.8,Province 1,IC2016-07-0666,North,Urban,1,0.9,0.829,IC,Area 1,Reg 1,Route 1,Territory 1,Manager 02,2,Loc 1,Discounters,Yes,9,9,50,3,MT,6P
Banner 10,10,7,Discounters,City 1,1,Commune 1,Indonesia,Customer 10,C67,Global,2016-06-06,7,Manager 05,FEM67,Manager 10,10,Channel 10,10,Outlet 10,Skin Care,Market 3,Channel 10,LS67,3,67,MIX,Gifting,0,0.9,0.651,Hair,HPC,Market 3,1,0.8,Province 1,HPC&F2016-06-0667,North,Urban,0,0.9,0.256,HPC&F,Area 1,Reg 1,Route 1,Territory 1,Manager 06,6,Loc 1,Discounters,Yes,5,5,7,36,MT,6P
Banner 10,10,7,Discounters,City 1,1,Commune 1,Indonesia,Customer 10,C68,Global,2016-05-06,7,Manager 03,FEM68,Manager 10,10,Channel 10,10,Outlet 10,Skin Care,Market 5,Channel 10,LS68,5,68,MIX,Men's Zone,1,0.9,0.881,Ice Cream,Beverage and Refreshments,Market 5,1,0.8,Province 1,HPC&F2016-05-0668,North,Urban,0,0.9,0.457,HPC&F,Area 1,Reg 1,Route 1,Territory 1,Manager 08,8,Loc 1,Discounters,Yes,3,3,28,23,MT,6P
Banner 10,10,7,Discounters,City 1,1,Commune 1,Indonesia,Customer 10,C69,Global,2016-04-06,7,Manager 01,FEM69,Manager 10,10,Channel 10,10,Outlet 10,Skin Care,Market 6,Channel 10,LS69,6,69,MIX,Gifting,0,0.9,0.894,Ice Cream,Beverage and Refreshments,Market 6,1,0.8,Province 1,IC2016-04-0669,North,Urban,1,0.9,0.045,IC,Area 1,Reg 1,Route 1,Territory 1,Manager 10,10,Loc 1,Discounters,Yes,1,1,45,26,MT,6P
Banner 10,10,8,Discounters,City 1,1,Commune 1,Indonesia,Customer 10,C70,Global,2016-03-06,8,Manager 03,FEM70,Manager 10,10,Channel 10,10,Outlet 10,Skin Care,Market 6,Channel 10,LS70,6,70,MIX,Men's Zone,0,0.9,0.464,Ice Cream,Beverage and Refreshments,Market 6,0,0.8,Province 1,IC2016-03-0670,North,Urban,1,0.9,0.642,IC,Area 1,Reg 1,Route 1,Territory 1,Manager 08,8,Loc 1,Discounters,Yes,2,3,31,30,MT,6P
Banner 10,10,8,Discounters,City 1,1,Commune 1,Indonesia,Customer 10,C71,Global,2016-12-06,8,Manager 09,FEM71,Manager 08,8,Channel 10,10,Outlet 10,Skin Care,Market 1,Channel 10,LS71,1,71,MIX,Men's Zone,1,0.9,0.193,Skin Care,HPC,Market 1,1,0.8,Province 1,IC2016-12-0671,North,Urban,1,0.9,0.219,IC,Area 1,Reg 1,Route 1,Territory 1,Manager 02,2,Loc 1,Discounters,Yes,9,9,40,45,MT,6P
Banner 10,10,8,Discounters,City 1,1,Commune 1,Indonesia,Customer 10,C72,Global,2016-11-06,8,Manager 05,FEM72,Manager 10,10,Channel 10,10,Outlet 10,Hair,Market 3,Channel 10,LS72,3,72,MIX,Gifting,1,0.9,0.51,Hair,HPC,Market 3,0,0.8,Province 1,HPC&F2016-11-0672,North,Urban,1,0.9,0.031,HPC&F,Area 1,Reg 1,Route 1,Territory 1,Manager 06,6,Loc 1,Discounters,Yes,4,5,16,15,MT,6P
Banner 10,10,1,Discounters,City 1,1,Commune 1,Indonesia,Customer 10,C73,Global,2016-10-06,1,Manager 03,FEM73,Manager 10,10,Channel 10,10,Outlet 10,Hair,Market 5,Channel 10,LS73,5,73,MIX,Gifting,1,0.9,0.929,Ice Cream,Beverage and Refreshments,Market 5,1,0.8,Province 1,HPC&F2016-10-0673,North,Urban,1,0.9,0.873,HPC&F,Area 1,Reg 1,Route 1,Territory 1,Manager 08,8,Loc 1,Discounters,Yes,3,3,28,37,MT,6P
Banner 10,10,1,Discounters,City 1,1,Commune 1,Indonesia,Customer 10,C74,Global,2016-09-06,1,Manager 01,FEM74,Manager 10,10,Channel 10,10,Outlet 10,Hair,Market 6,Channel 10,LS74,6,74,MIX,Gifting,1,0.9,0.008,Ice Cream,Beverage and Refreshments,Market 6,1,0.8,Province 1,HPC&F2016-09-0674,North,Urban,1,0.9,0.018,HPC&F,Area 1,Reg 1,Route 1,Territory 1,Manager 10,10,Loc 1,Discounters,Yes,1,1,34,39,MT,6P
Banner 10,10,2,Discounters,City 1,1,Commune 1,Indonesia,Customer 10,C75,Global,2016-08-06,2,Manager 03,FEM75,Manager 10,10,Channel 10,10,Outlet 10,Hair,Market 6,Channel 10,LS75,6,75,MIX,Gifting,1,0.9,0.467,Ice Cream,Beverage and Refreshments,Market 6,1,0.8,Province 1,HPC&F2016-08-0675,North,Urban,0,0.9,0.88,HPC&F,Area 1,Reg 1,Route 1,Territory 1,Manager 08,8,Loc 1,Discounters,Yes,3,3,7,35,MT,6P
Banner 10,10,3,Discounters,City 1,1,Commune 1,Indonesia,Customer 10,C76,Global,2016-07-06,3,Manager 09,FEM76,Manager 08,8,Channel 10,10,Outlet 10,Hair,Market 1,Channel 10,LS76,1,76,MIX,Gifting,1,0.9,0.204,Skin Care,HPC,Market 1,1,0.8,Province 1,HPC&F2016-07-0676,North,Urban,0,0.9,0.38,HPC&F,Area 1,Reg 1,Route 1,Territory 1,Manager 02,2,Loc 1,Discounters,Yes,9,9,37,31,MT,6P
Banner 10,10,4,Discounters,City 1,1,Commune 1,Indonesia,Customer 10,C77,Global,2016-06-06,4,Manager 05,FEM77,Manager 10,10,Channel 10,10,Outlet 10,Ice Cream,Market 3,Channel 10,LS77,3,77,MIX,Gifting,1,0.9,0.952,Hair,HPC,Market 3,1,0.8,Province 1,HPC&F2016-06-0677,North,Urban,1,0.9,0.481,HPC&F,Area 1,Reg 1,Route 1,Territory 1,Manager 06,6,Loc 1,Discounters,Yes,5,5,10,18,MT,6P
Banner 10,10,5,Discounters,City 1,1,Commune 1,Indonesia,Customer 10,C78,Global,2016-05-06,5,Manager 03,FEM78,Manager 10,10,Channel 10,10,Outlet 10,Ice Cream,Market 5,Channel 10,LS78,5,78,MIX,Gifting,0,0.9,0.176,Ice Cream,Beverage and Refreshments,Market 5,1,0.8,Province 1,HPC&F2016-05-0678,North,Urban,1,0.9,0.92,HPC&F,Area 1,Reg 1,Route 1,Territory 1,Manager 08,8,Loc 1,Discounters,Yes,3,3,34,27,MT,6P
Banner 10,10,6,Discounters,City 1,1,Commune 1,Indonesia,Customer 10,C79,Global,2016-04-06,6,Manager 01,FEM79,Manager 10,10,Channel 10,10,Outlet 10,Ice Cream,Market 6,Channel 10,LS79,6,79,MIX,Gifting,0,0.9,0.155,Ice Cream,Beverage and Refreshments,Market 6,1,0.8,Province 1,HPC&F2016-04-0679,North,Urban,1,0.9,0.244,HPC&F,Area 1,Reg 1,Route 1,Territory 1,Manager 10,10,Loc 1,Discounters,Yes,1,1,24,27,MT,6P
Banner 10,10,7,Discounters,City 1,1,Commune 1,Indonesia,Customer 10,C80,Global,2016-03-06,7,Manager 03,FEM80,Manager 10,10,Channel 10,10,Outlet 10,Ice Cream,Market 6,Channel 10,LS80,6,80,MIX,Gifting,1,0.9,0.422,Ice Cream,Beverage and Refreshments,Market 6,1,0.8,Province 1,IC2016-03-0680,North,Urban,1,0.9,0.558,IC,Area 1,Reg 1,Route 1,Territory 1,Manager 08,8,Loc 1,Discounters,Yes,3,3,17,44,MT,6P
Banner 10,10,8,Discounters,City 1,1,Commune 1,Indonesia,Customer 10,C81,Global,2016-12-06,8,Manager 09,FEM81,Manager 08,8,Channel 10,10,Outlet 10,Ice Cream,Market 1,Channel 10,LS81,1,81,MIX,Men's Zone,0,0.9,0.837,Skin Care,HPC,Market 1,1,0.8,Province 1,IC2016-12-0681,North,Urban,0,0.9,0.604,IC,Area 1,Reg 1,Route 1,Territory 1,Manager 02,2,Loc 1,Discounters,Yes,9,9,27,41,MT,6P
Banner 10,10,9,Discounters,City 1,1,Commune 1,Indonesia,Customer 10,C82,Global,2016-11-06,9,Manager 05,FEM82,Manager 10,10,Channel 10,10,Outlet 10,Ice Cream,Market 3,Channel 10,LS82,3,82,MIX,Gifting,0,0.9,0.24,Hair,HPC,Market 3,1,0.8,Province 1,IC2016-11-0682,North,Urban,0,0.9,0.067,IC,Area 1,Reg 1,Route 1,Territory 1,Manager 06,6,Loc 1,Discounters,Yes,5,5,8,20,MT,6P
Banner 10,10,10,Discounters,City 1,1,Commune 1,Indonesia,Customer 10,C83,Global,2016-10-06,10,Manager 03,FEM83,Manager 10,10,Channel 10,10,Outlet 10,Ice Cream,Market 5,Channel 10,LS83,5,83,MIX,Gifting,1,0.9,0.045,Ice Cream,Beverage and Refreshments,Market 5,1,0.8,Province 1,IC2016-10-0683,North,Urban,1,0.9,0.876,IC,Area 1,Reg 1,Route 1,Territory 1,Manager 08,8,Loc 1,Discounters,Yes,3,3,9,48,MT,6P
Banner 10,10,4,Discounters,City 1,1,Commune 1,Indonesia,Customer 10,C84,Global,2016-09-06,4,Manager 01,FEM84,Manager 10,10,Channel 10,10,Outlet 10,Skin Care,Market 6,Channel 10,LS84,6,84,MIX,Gifting,0,0.9,0.475,Ice Cream,Beverage and Refreshments,Market 6,1,0.8,Province 1,IC2016-09-0684,North,Urban,1,0.9,0.076,IC,Area 1,Reg 1,Route 1,Territory 1,Manager 10,10,Loc 1,Discounters,Yes,1,1,30,5,MT,6P
Banner 10,10,5,Discounters,City 1,1,Commune 1,Indonesia,Customer 10,C85,Global,2016-08-06,5,Manager 03,FEM85,Manager 10,10,Channel 10,10,Outlet 10,Skin Care,Market 6,Channel 10,LS85,6,85,MIX,Men's Zone,1,0.9,0.859,Ice Cream,Beverage and Refreshments,Market 6,1,0.8,Province 1,HPC&F2016-08-0685,North,Urban,0,0.9,0.831,HPC&F,Area 1,Reg 1,Route 1,Territory 1,Manager 08,8,Loc 1,Discounters,Yes,3,3,29,17,MT,6P
Banner 10,10,6,Discounters,City 1,1,Commune 1,Indonesia,Customer 10,C86,Global,2016-07-06,6,Manager 09,FEM86,Manager 08,8,Channel 10,10,Outlet 10,Skin Care,Market 1,Channel 10,LS86,1,86,MIX,Men's Zone,0,0.9,0.695,Skin Care,HPC,Market 1,1,0.8,Province 1,IC2016-07-0686,North,Urban,0,0.9,0.379,IC,Area 1,Reg 1,Route 1,Territory 1,Manager 02,2,Loc 1,Discounters,Yes,9,9,26,17,MT,6P
Banner 10,10,7,Discounters,City 1,1,Commune 1,Indonesia,Customer 10,C87,Global,2016-06-06,7,Manager 05,FEM87,Manager 10,10,Channel 10,10,Outlet 10,Skin Care,Market 3,Channel 10,LS87,3,87,MIX,Men's Zone,0,0.9,0.603,Hair,HPC,Market 3,1,0.8,Province 1,IC2016-06-0687,North,Urban,1,0.9,0.73,IC,Area 1,Reg 1,Route 1,Territory 1,Manager 06,6,Loc 1,Discounters,Yes,5,5,49,26,MT,6P
Banner 10,10,5,Discounters,City 1,1,Commune 1,Indonesia,Customer 10,C88,Global,2016-05-06,5,Manager 03,FEM88,Manager 10,10,Channel 10,10,Outlet 10,Skin Care,Market 5,Channel 10,LS88,5,88,MIX,Gifting,0,0.9,0.825,Ice Cream,Beverage and Refreshments,Market 5,1,0.8,Province 1,IC2016-05-0688,North,Urban,0,0.9,0.801,IC,Area 1,Reg 1,Route 1,Territory 1,Manager 08,8,Loc 1,Discounters,Yes,3,3,22,45,MT,6P
Banner 10,10,6,Discounters,City 1,1,Commune 1,Indonesia,Customer 10,C89,Global,2016-04-06,6,Manager 01,FEM89,Manager 10,10,Channel 10,10,Outlet 10,Skin Care,Market 6,Channel 10,LS89,6,89,MIX,Gifting,1,0.9,0.791,Ice Cream,Beverage and Refreshments,Market 6,1,0.8,Province 1,IC2016-04-0689,North,Urban,0,0.9,0.972,IC,Area 1,Reg 1,Route 1,Territory 1,Manager 10,10,Loc 1,Discounters,Yes,1,1,26,9,MT,6P
Banner 10,10,7,Discounters,City 1,1,Commune 1,Indonesia,Customer 10,C90,Global,2016-03-06,7,Manager 03,FEM90,Manager 10,10,Channel 10,10,Outlet 10,Skin Care,Market 6,Channel 10,LS90,6,90,MIX,Men's Zone,1,0.9,0.984,Ice Cream,Beverage and Refreshments,Market 6,1,0.8,Province 1,HPC&F2016-03-0690,North,Urban,1,0.9,0.805,HPC&F,Area 1,Reg 1,Route 1,Territory 1,Manager 08,8,Loc 1,Discounters,Yes,3,3,26,6,MT,6P
Banner 10,10,8,Discounters,City 1,1,Commune 1,Indonesia,Customer 10,C91,Global,2016-12-06,8,Manager 09,FEM91,Manager 08,8,Channel 10,10,Outlet 10,Skin Care,Market 1,Channel 10,LS91,1,91,MIX,Gifting,0,0.9,0.166,Skin Care,HPC,Market 1,1,0.8,Province 1,IC2016-12-0691,North,Urban,1,0.9,0.924,IC,Area 1,Reg 1,Route 1,Territory 1,Manager 02,2,Loc 1,Discounters,Yes,9,9,27,10,MT,6P
Banner 10,10,9,Discounters,City 1,1,Commune 1,Indonesia,Customer 10,C92,Global,2016-11-06,9,Manager 05,FEM92,Manager 10,10,Channel 10,10,Outlet 10,Skin Care,Market 3,Channel 10,LS92,3,92,MIX,Gifting,0,0.9,0.002,Hair,HPC,Market 3,1,0.8,Province 1,IC2016-11-0692,North,Urban,0,0.9,0.001,IC,Area 1,Reg 1,Route 1,Territory 1,Manager 06,6,Loc 1,Discounters,Yes,5,5,3,43,MT,6P
Banner 10,10,10,Discounters,City 1,1,Commune 1,Indonesia,Customer 10,C93,Global,2016-10-06,10,Manager 03,FEM93,Manager 10,10,Channel 10,10,Outlet 10,Hair,Market 5,Channel 10,LS93,5,93,MIX,Gifting,1,0.9,0.724,Ice Cream,Beverage and Refreshments,Market 5,1,0.8,Province 1,HPC&F2016-10-0693,North,Urban,1,0.9,0.418,HPC&F,Area 1,Reg 1,Route 1,Territory 1,Manager 08,8,Loc 1,Discounters,Yes,3,3,23,40,MT,6P
Banner 10,10,8,Discounters,City 1,1,Commune 1,Indonesia,Customer 10,C94,Global,2016-09-06,8,Manager 01,FEM94,Manager 10,10,Channel 10,10,Outlet 10,Hair,Market 6,Channel 10,LS94,6,94,MIX,Gifting,0,0.9,0.552,Ice Cream,Beverage and Refreshments,Market 6,1,0.8,Province 1,HPC&F2016-09-0694,North,Urban,1,0.9,0.343,HPC&F,Area 1,Reg 1,Route 1,Territory 1,Manager 10,10,Loc 1,Discounters,Yes,1,1,14,22,MT,6P
Banner 10,10,8,Discounters,City 1,1,Commune 1,Indonesia,Customer 10,C95,Global,2016-08-06,8,Manager 03,FEM95,Manager 10,10,Channel 10,10,Outlet 10,Hair,Market 6,Channel 10,LS95,6,95,MIX,Gifting,0,0.9,0.13,Ice Cream,Beverage and Refreshments,Market 6,1,0.8,Province 1,IC2016-08-0695,North,Urban,1,0.9,0.397,IC,Area 1,Reg 1,Route 1,Territory 1,Manager 08,8,Loc 1,Discounters,Yes,3,3,14,32,MT,6P
Banner 10,10,8,Discounters,City 1,1,Commune 1,Indonesia,Customer 10,C96,Global,2016-07-06,8,Manager 09,FEM96,Manager 08,8,Channel 10,10,Outlet 10,Hair,Market 1,Channel 10,LS96,1,96,MIX,Gifting,1,0.9,0.192,Skin Care,HPC,Market 1,1,0.8,Province 1,IC2016-07-0696,North,Urban,1,0.9,0.047,IC,Area 1,Reg 1,Route 1,Territory 1,Manager 02,2,Loc 1,Discounters,Yes,9,9,15,26,MT,6P
Banner 10,10,1,Discounters,City 1,1,Commune 1,Indonesia,Customer 10,C97,Global,2016-06-06,1,Manager 05,FEM97,Manager 10,10,Channel 10,10,Outlet 10,Hair,Market 3,Channel 10,LS97,3,97,MIX,Men's Zone,1,0.9,0.903,Hair,HPC,Market 3,1,0.8,Province 1,HPC&F2016-06-0697,North,Urban,1,0.9,0.089,HPC&F,Area 1,Reg 1,Route 1,Territory 1,Manager 06,6,Loc 1,Discounters,Yes,5,5,39,3,MT,6P
Banner 10,10,2,Discounters,City 1,1,Commune 1,Indonesia,Customer 10,C98,Global,2016-05-06,2,Manager 03,FEM98,Manager 10,10,Channel 10,10,Outlet 10,Ice Cream,Market 5,Channel 10,LS98,5,98,MIX,Gifting,1,0.9,0.798,Ice Cream,Beverage and Refreshments,Market 5,1,0.8,Province 1,IC2016-05-0698,North,Urban,1,0.9,0.619,IC,Area 1,Reg 1,Route 1,Territory 1,Manager 08,8,Loc 1,Discounters,Yes,3,3,6,38,MT,6P
Banner 10,10,3,Discounters,City 1,1,Commune 1,Indonesia,Customer 10,C99,Global,2016-04-06,3,Manager 01,FEM99,Manager 10,10,Channel 10,10,Outlet 10,Ice Cream,Market 6,Channel 10,LS99,6,99,MIX,Men's Zone,1,0.9,0.02,Ice Cream,Beverage and Refreshments,Market 6,1,0.8,Province 1,HPC&F2016-04-0699,North,Urban,0,0.9,0.671,HPC&F,Area 1,Reg 1,Route 1,Territory 1,Manager 10,10,Loc 1,Discounters,Yes,1,1,42,38,MT,6P
Banner 10,10,4,Discounters,City 1,1,Commune 1,Indonesia,Customer 10,C100,Global,2016-03-06,4,Manager 03,FEM100,Manager 10,10,Channel 10,10,Outlet 10,Ice Cream,Market 6,Channel 10,LS100,6,100,MIX,Gifting,1,0.9,0.463,Ice Cream,Beverage and Refreshments,Market 6,1,0.8,Province 1,HPC&F2016-03-06100,North,Urban,1,0.9,0.326,HPC&F,Area 1,Reg 1,Route 1,Territory 1,Manager 08,8,Loc 1,Discounters,Yes,3,3,3,48,MT,6P
Banner 10,10,5,Discounters,City 1,1,Commune 1,Indonesia,Customer 10,C101,Global,2016-12-06,5,Manager 09,FEM101,Manager 08,8,Channel 10,10,Outlet 10,Ice Cream,Market 1,Channel 10,LS101,1,101,MIX,Gifting,0,0.9,0.034,Skin Care,HPC,Market 1,1,0.8,Province 1,HPC&F2016-12-06101,North,Urban,0,0.9,0.028,HPC&F,Area 1,Reg 1,Route 1,Territory 1,Manager 02,2,Loc 1,Discounters,Yes,9,9,34,8,MT,6P
