Banner,Banner_ID,CTA_Compliance,CTA_Hurdle_Rate_Percentage,CTA_Percentage,Category_ID,Channel,City,City_ID,Commune,Country,Customer,Customer_ID,Customer_type,Date_of_audit,Division_ID,Field_Execution_Manager,Field_Execution_Manager_ID,Field_Sales_Manager,Field_Sales_Manager_ID,Local_Channel,Local_Channel_ID,Local_Outlet_Name,Local_Product_Category,Local_Product_Market,Local_Subchannel,Local_Subchannel_ID,Market_ID,Outlet_Classification,Outlet_ID,PS_Category,Product_Category,Product_Division,Product_Market,Proposition_Compliance_Target,Propostion_Compliance,Province,Record_Id,Region,Rural_Urban,Sales_Org,Sales_Region_ID,Sales_Territory_ID,Sales_area,Sales_area_ID,Sales_region,Sales_route,Sales_territory,Store_Operations_Manager,Store_Operations_Manager_ID,Store_location,Subchannel,Top_Customer,Total_CTA_Audited,Total_CTA_Messages,Trade_Format,X4P_5P_6P
Banner 22,22,1,0.022,0.187,1,Drug,City 1,1,Commune 1,Indonesia,Customer 22,22,Global,11/06/2016,1,Manager 1,1,Manager 2,2,Channel 1,1,Outlet 24,Deodorants,Market 1,Channel 1,1,1,MIX,2,Gifting,Deodorants,HPC,Market 1,0.8,1,Province 1,HPC&F2016-11-062,North,Urban,HPC&F,1,1,Area 1,1,Reg 1,Route 1,Territory 1,Manager 1,1,Loc 1,Mainstream Drugstores,Yes,4,4,MT,4P
Banner 25,25,1,0.448,0.988,1,MT,City 1,1,Commune 1,Indonesia,Customer 25,25,Global,10/06/2016,1,Manager 1,1,Manager 3,3,Channel 1,1,Outlet 27,Deodorants,Market 1,Channel 1,1,1,MIX,3,Gifting,Deodorants,HPC,Market 1,0.8,0,Province 1,HPC&F2016-10-063,North,Urban,HPC&F,1,1,Area 1,1,Reg 1,Route 1,Territory 1,Manager 1,1,Loc 1,Mass Merchandiser (non-grocery),Yes,4,4,MT,4P
Banner 1,1,0,0.298,0.11,1,Hypermarket,City 1,1,Commune 1,Indonesia,Customer 1,1,Global,09/06/2016,1,Manager 2,2,Manager 4,4,Channel 1,1,Outlet 3,Deodorants,Market 1,Channel 1,1,1,MIX,4,Gifting,Deodorants,HPC,Market 1,0.8,0,Province 1,HPC&F2016-09-064,North,Urban,HPC&F,1,1,Area 1,1,Reg 1,Route 1,Territory 1,Manager 2,2,Loc 1,Hypermarket,Yes,3,4,MT,4P
Banner 4,4,0,0.991,0.065,1,Supermarkets,City 1,1,Commune 1,Indonesia,Customer 4,4,Local,08/06/2016,1,Manager 2,2,Manager 5,5,Channel 1,1,Outlet 6,Deodorants,Market 1,Channel 1,1,1,MIX,5,Men's Zone,Deodorants,HPC,Market 1,0.8,1,Province 1,HPC&F2016-08-065,North,Urban,HPC&F,1,1,Area 1,1,Reg 1,Route 1,Territory 1,Manager 2,2,Loc 1,Large Supermarkets,Yes,3,4,MT,4P
Banner 7,7,1,0.938,0.32,1,Supermarkets,City 1,1,Commune 1,Indonesia,Customer 7,7,Global,07/06/2016,1,Manager 2,2,Manager 6,6,Channel 1,1,Outlet 9,Deodorants,Market 1,Channel 1,1,1,MIX,6,Gifting,Deodorants,HPC,Market 1,0.8,1,Province 1,HPC&F2016-07-066,North,Urban,HPC&F,1,1,Area 1,1,Reg 1,Route 1,Territory 1,Manager 2,2,Loc 1,Small Supermarkets,Yes,4,4,MT,4P
Banner 10,10,0,0.998,0.834,1,Discounters,City 1,1,Commune 1,Indonesia,Customer 10,10,Global,06/06/2016,1,Manager 3,3,Manager 7,7,Channel 1,1,Outlet 12,Dressings,Market 2,Channel 1,1,1,MIX,7,Gifting,Dressings,Foods,Market 2,0.8,1,Province 1,HPC&F2016-06-067,North,Urban,HPC&F,1,1,Area 1,1,Reg 1,Route 1,Territory 1,Manager 3,3,Loc 1,Discounters,Yes,3,4,MT,4P
Banner 13,13,1,0.297,0.516,1,Club,City 1,1,Commune 1,Indonesia,Customer 13,13,Global,12/06/2016,1,Manager 3,3,Manager 8,8,Channel 1,1,Outlet 15,Dressings,Market 2,Channel 1,1,1,MIX,8,Men's Zone,Dressings,Foods,Market 2,0.8,0,Province 1,IC2016-12-068,North,Urban,IC,1,1,Area 1,1,Reg 1,Route 1,Territory 1,Manager 3,3,Loc 1,Club,Yes,4,4,MT,4P
Banner 16,16,1,0.443,0.892,1,Direct,City 1,1,Commune 1,Indonesia,Customer 16,16,Local,11/06/2016,1,Manager 3,3,Manager 9,9,Channel 1,1,Outlet 18,Dressings,Market 3,Channel 1,1,1,MIX,9,Men's Zone,Dressings,Foods,Market 3,0.8,1,Province 1,HPC&F2016-11-069,North,Urban,HPC&F,1,1,Area 1,1,Reg 1,Route 1,Territory 1,Manager 3,3,Loc 1,E-Commerce,Yes,4,4,MT,4P
Banner 19,19,1,0.932,0.833,1,Direct,City 1,1,Commune 1,Indonesia,Customer 19,19,Global,10/06/2016,1,Manager 4,4,Manager 10,10,Channel 1,1,Outlet 21,Dressings,Market 3,Channel 1,1,1,MIX,10,Men's Zone,Dressings,Foods,Market 3,0.8,1,Province 1,IC2016-10-0610,North,Urban,IC,1,1,Area 1,1,Reg 1,Route 1,Territory 1,Manager 4,4,Loc 1,Direct Sales,Yes,4,4,MT,4P
Banner 22,22,1,0.731,0.723,1,Drug,City 1,1,Commune 1,Indonesia,Customer 22,22,Global,09/06/2016,1,Manager 4,4,Manager 4,4,Channel 1,1,Outlet 24,Dressings,Market 4,Channel 1,1,1,MIX,11,Men's Zone,Dressings,Foods,Market 4,0.8,1,Province 1,HPC&F2016-09-0611,North,Urban,HPC&F,1,1,Area 1,1,Reg 1,Route 1,Territory 1,Manager 4,4,Loc 1,Mainstream Drugstores,Yes,4,4,MT,4P
Banner 25,25,1,0.043,0.282,1,MT,City 1,1,Commune 1,Indonesia,Customer 25,25,Global,08/06/2016,1,Manager 4,4,Manager 5,5,Channel 1,1,Outlet 27,Dressings,Market 4,Channel 1,1,1,MIX,12,Gifting,Dressings,Foods,Market 4,0.8,0,Province 1,HPC&F2016-08-0612,North,Urban,HPC&F,1,1,Area 1,1,Reg 1,Route 1,Territory 1,Manager 4,4,Loc 1,Mass Merchandiser (non-grocery),Yes,4,4,MT,4P
Banner 1,1,0,0.885,0.196,1,Hypermarket,City 1,1,Commune 1,Indonesia,Customer 1,1,Global,07/06/2016,1,Manager 5,5,Manager 6,6,Channel 1,1,Outlet 3,Dressings,Market 4,Channel 1,1,1,MIX,13,Men's Zone,Dressings,Foods,Market 4,0.8,1,Province 1,HPC&F2016-07-0613,North,Urban,HPC&F,1,1,Area 1,1,Reg 1,Route 1,Territory 1,Manager 5,5,Loc 1,Hypermarket,Yes,3,4,MT,4P
Banner 4,4,1,0.968,0.679,1,Supermarkets,City 1,1,Commune 1,Indonesia,Customer 4,4,Local,06/06/2016,1,Manager 5,5,Manager 7,7,Channel 1,1,Outlet 6,Dressings,Market 5,Channel 1,1,1,MIX,14,Gifting,Dressings,Foods,Market 5,0.8,0,Province 1,HPC&F2016-06-0614,North,Urban,HPC&F,1,1,Area 1,1,Reg 1,Route 1,Territory 1,Manager 5,5,Loc 1,Large Supermarkets,Yes,4,4,MT,4P
Banner 7,7,1,0.823,0.933,1,Supermarkets,City 1,1,Commune 1,Indonesia,Customer 7,7,Global,12/06/2016,1,Manager 5,5,Manager 5,5,Channel 1,1,Outlet 9,Dressings,Market 5,Channel 1,1,1,MIX,15,Gifting,Dressings,Foods,Market 5,0.8,1,Province 1,IC2016-12-0615,North,Urban,IC,1,1,Area 1,1,Reg 1,Route 1,Territory 1,Manager 5,5,Loc 1,Small Supermarkets,Yes,4,4,MT,4P
Banner 1,1,1,0.007,0.136,1,Hypermarket,City 1,1,Commune 1,Indonesia,Customer 1,1,Global,11/06/2016,1,Manager 6,6,Manager 6,6,Channel 1,1,Outlet 1,Hair,Market 5,Channel 1,1,1,MIX,16,Gifting,Hair,HPC,Market 5,0.8,0,Province 1,HPC&F2016-11-0616,North,Urban,HPC&F,1,1,Area 1,1,Reg 1,Route 1,Territory 1,Manager 6,6,Loc 1,Hypermarket,Yes,4,4,MT,6P
Banner 10,10,1,0.44,0.776,1,Discounters,City 1,1,Commune 1,Indonesia,Customer 10,10,Global,10/06/2016,1,Manager 6,6,Manager 7,7,Channel 1,1,Outlet 10,Hair,Market 6,Channel 1,1,1,MIX,17,Gifting,Hair,HPC,Market 6,0.8,1,Province 1,HPC&F2016-10-0617,North,Urban,HPC&F,1,1,Area 1,1,Reg 1,Route 1,Territory 1,Manager 6,6,Loc 1,Discounters,Yes,4,4,MT,6P
Banner 13,13,1,0.628,0.019,1,Club,City 1,1,Commune 1,Indonesia,Customer 13,13,Global,09/06/2016,1,Manager 6,6,Manager 8,8,Channel 1,1,Outlet 13,Hair,Market 6,Channel 1,1,1,MIX,18,Men's Zone,Hair,HPC,Market 6,0.8,0,Province 1,IC2016-09-0618,North,Urban,IC,1,1,Area 1,1,Reg 1,Route 1,Territory 1,Manager 6,6,Loc 1,Club,Yes,4,4,MT,6P
Banner 16,16,1,0.423,0.365,1,Direct,City 1,1,Commune 1,Indonesia,Customer 16,16,Local,08/06/2016,1,Manager 7,7,Manager 9,9,Channel 1,1,Outlet 16,Hair,Market 6,Channel 1,1,1,MIX,19,Gifting,Hair,HPC,Market 6,0.8,0,Province 1,IC2016-08-0619,North,Urban,IC,1,1,Area 1,1,Reg 1,Route 1,Territory 1,Manager 7,7,Loc 1,E-Commerce,Yes,4,4,MT,6P
Banner 19,19,0,0.491,0.937,1,Direct,City 1,1,Commune 1,Indonesia,Customer 19,19,Global,07/06/2016,1,Manager 7,7,Manager 10,10,Channel 1,1,Outlet 19,Hair,Market 6,Channel 1,1,1,MIX,20,Men's Zone,Hair,HPC,Market 6,0.8,0,Province 1,HPC&F2016-07-0620,North,Urban,HPC&F,1,1,Area 1,1,Reg 1,Route 1,Territory 1,Manager 7,7,Loc 1,Direct Sales,Yes,3,4,MT,6P
Banner 22,22,1,0.565,0.314,1,Drug,City 1,1,Commune 1,Indonesia,Customer 22,22,Global,06/06/2016,1,Manager 7,7,Manager 7,7,Channel 1,1,Outlet 22,Hair,Market 1,Channel 1,1,1,MIX,21,Men's Zone,Hair,HPC,Market 1,0.8,1,Province 1,IC2016-06-0621,North,Urban,IC,1,1,Area 1,1,Reg 1,Route 1,Territory 1,Manager 7,7,Loc 1,Mainstream Drugstores,Yes,4,4,MT,6P
Banner 25,25,0,0.038,0.294,1,MT,City 1,1,Commune 1,Indonesia,Customer 25,25,Global,12/06/2016,1,Manager 8,8,Manager 8,8,Channel 1,1,Outlet 25,Hair,Market 1,Channel 1,1,1,MIX,22,Gifting,Hair,HPC,Market 1,0.8,0,Province 1,HPC&F2016-12-0622,North,Urban,HPC&F,1,1,Area 1,1,Reg 1,Route 1,Territory 1,Manager 8,8,Loc 1,Mass Merchandiser (non-grocery),Yes,3,4,MT,6P
Banner 4,4,1,0.956,0.927,1,Supermarkets,City 1,1,Commune 1,Indonesia,Customer 4,4,Local,11/06/2016,1,Manager 8,8,Manager 8,8,Channel 1,1,Outlet 4,Hair,Market 1,Channel 1,1,1,MIX,23,Men's Zone,Hair,HPC,Market 1,0.8,1,Province 1,HPC&F2016-11-0623,North,Urban,HPC&F,1,1,Area 1,1,Reg 1,Route 1,Territory 1,Manager 8,8,Loc 1,Large Supermarkets,Yes,4,4,MT,6P
Banner 7,7,0,0.101,0.884,1,Supermarkets,City 1,1,Commune 1,Indonesia,Customer 7,7,Global,10/06/2016,1,Manager 8,8,Manager 8,8,Channel 1,1,Outlet 7,Hair,Market 1,Channel 1,1,1,MIX,24,Men's Zone,Hair,HPC,Market 1,0.8,1,Province 1,IC2016-10-0624,North,Urban,IC,1,1,Area 1,1,Reg 1,Route 1,Territory 1,Manager 8,8,Loc 1,Small Supermarkets,Yes,3,4,MT,6P
Banner 10,10,1,0.386,0.115,1,Discounters,City 1,1,Commune 1,Indonesia,Customer 10,10,Global,09/06/2016,1,Manager 1,1,Manager 1,1,Channel 1,1,Outlet 12,Oral Care,Market 1,Channel 1,1,1,MIX,25,Men's Zone,Oral Care,HPC,Market 1,0.8,1,Province 1,IC2016-09-0625,North,Urban,IC,1,1,Area 1,1,Reg 1,Route 1,Territory 1,Manager 1,1,Loc 1,Discounters,Yes,4,4,MT,4P
Banner 13,13,1,0.484,0.654,1,Club,City 1,1,Commune 1,Indonesia,Customer 13,13,Global,08/06/2016,1,Manager 1,1,Manager 1,1,Channel 1,1,Outlet 15,Oral Care,Market 1,Channel 1,1,1,MIX,26,Men's Zone,Oral Care,HPC,Market 1,0.8,1,Province 1,IC2016-08-0626,North,Urban,IC,1,1,Area 1,1,Reg 1,Route 1,Territory 1,Manager 1,1,Loc 1,Club,Yes,4,4,MT,4P
Banner 16,16,1,0.242,0.325,1,Direct,City 1,1,Commune 1,Indonesia,Customer 16,16,Local,07/06/2016,1,Manager 1,1,Manager 1,1,Channel 1,1,Outlet 18,Oral Care,Market 1,Channel 1,1,1,MIX,27,Men's Zone,Oral Care,HPC,Market 1,0.8,0,Province 1,IC2016-07-0627,North,Urban,IC,1,1,Area 1,1,Reg 1,Route 1,Territory 1,Manager 1,1,Loc 1,E-Commerce,Yes,4,4,MT,4P
Banner 19,19,0,0.42,0.591,1,Direct,City 1,1,Commune 1,Indonesia,Customer 19,19,Global,06/06/2016,1,Manager 2,2,Manager 2,2,Channel 1,1,Outlet 21,Oral Care,Market 2,Channel 1,1,1,MIX,28,Gifting,Oral Care,HPC,Market 2,0.8,0,Province 1,HPC&F2016-06-0628,North,Urban,HPC&F,1,1,Area 1,1,Reg 1,Route 1,Territory 1,Manager 2,2,Loc 1,Direct Sales,Yes,3,4,MT,4P
Banner 22,22,0,0.305,0.16,1,Drug,City 1,1,Commune 1,Indonesia,Customer 22,22,Global,12/06/2016,1,Manager 2,2,Manager 2,2,Channel 1,1,Outlet 24,Oral Care,Market 2,Channel 1,1,1,MIX,29,Gifting,Oral Care,HPC,Market 2,0.8,1,Province 1,IC2016-12-0629,North,Urban,IC,1,1,Area 1,1,Reg 1,Route 1,Territory 1,Manager 2,2,Loc 1,Mainstream Drugstores,Yes,3,4,MT,4P
Banner 25,25,1,0.946,0.821,1,MT,City 1,1,Commune 1,Indonesia,Customer 25,25,Global,11/06/2016,1,Manager 2,2,Manager 2,2,Channel 1,1,Outlet 27,Oral Care,Market 3,Channel 1,1,1,MIX,30,Gifting,Oral Care,HPC,Market 3,0.8,0,Province 1,IC2016-11-0630,North,Urban,IC,1,1,Area 1,1,Reg 1,Route 1,Territory 1,Manager 2,2,Loc 1,Mass Merchandiser (non-grocery),Yes,4,4,MT,4P
Banner 1,1,1,0.264,0.755,1,Hypermarket,City 1,1,Commune 1,Indonesia,Customer 1,1,Global,10/06/2016,1,Manager 3,3,Manager 3,3,Channel 1,1,Outlet 3,Oral Care,Market 3,Channel 1,1,1,MIX,31,Men's Zone,Oral Care,HPC,Market 3,0.8,0,Province 1,HPC&F2016-10-0631,North,Urban,HPC&F,1,1,Area 1,1,Reg 1,Route 1,Territory 1,Manager 3,3,Loc 1,Hypermarket,Yes,4,4,MT,4P
Banner 4,4,1,0.135,0.043,1,Supermarkets,City 1,1,Commune 1,Indonesia,Customer 4,4,Local,09/06/2016,1,Manager 3,3,Manager 3,3,Channel 1,1,Outlet 6,Oral Care,Market 4,Channel 1,1,1,MIX,32,Men's Zone,Oral Care,HPC,Market 4,0.8,0,Province 1,IC2016-09-0632,North,Urban,IC,1,1,Area 1,1,Reg 1,Route 1,Territory 1,Manager 1,1,Loc 1,Large Supermarkets,Yes,4,4,MT,4P
Banner 7,7,0,0.509,0.358,1,Supermarkets,City 1,1,Commune 1,Indonesia,Customer 7,7,Global,08/06/2016,1,Manager 3,3,Manager 3,3,Channel 1,1,Outlet 9,Oral Care,Market 4,Channel 1,1,1,MIX,33,Gifting,Oral Care,HPC,Market 4,0.8,0,Province 1,HPC&F2016-08-0633,North,Urban,HPC&F,1,1,Area 1,1,Reg 1,Route 1,Territory 1,Manager 2,2,Loc 1,Small Supermarkets,Yes,3,4,MT,4P
Banner 28,28,0,0.203,0.515,1,Drug,City 1,1,Commune 1,Indonesia,Customer 28,28,Local,07/06/2016,1,Manager 4,4,Manager 4,4,Channel 1,1,Outlet 28,Hair,Market 4,Channel 1,1,1,MIX,34,Men's Zone,Hair,HPC,Market 4,0.8,0,Province 1,IC2016-07-0634,North,Urban,IC,1,1,Area 1,1,Reg 1,Route 1,Territory 1,Manager 3,3,Loc 1,Perfumeries and Premium Beauty,Yes,3,4,DT,6P
Banner 28,28,1,0.279,0.315,1,Drug,City 1,1,Commune 1,Indonesia,Customer 28,28,Local,06/06/2016,1,Manager 4,4,Manager 4,4,Channel 1,1,Outlet 28,Skin Care,Market 5,Channel 1,1,1,MIX,35,Men's Zone,Skin Care,HPC,Market 5,0.8,0,Province 1,IC2016-06-0635,North,Urban,IC,1,1,Area 1,1,Reg 1,Route 1,Territory 1,Manager 4,4,Loc 1,Perfumeries and Premium Beauty,Yes,4,4,DT,6P
Banner 28,28,0,0.907,0.193,1,Drug,City 1,1,Commune 1,Indonesia,Customer 28,28,Local,12/06/2016,1,Manager 4,4,Manager 4,4,Channel 1,1,Outlet 30,Dressings,Market 5,Channel 1,1,1,MIX,36,Men's Zone,Dressings,Foods,Market 5,0.8,0,Province 1,IC2016-12-0636,North,Urban,IC,1,1,Area 1,1,Reg 1,Route 1,Territory 1,Manager 5,5,Loc 1,Perfumeries and Premium Beauty,Yes,3,4,DT,4P
Banner 28,28,0,0.362,0.143,1,Drug,City 1,1,Commune 1,Indonesia,Customer 28,28,Local,11/06/2016,1,Manager 5,5,Manager 5,5,Channel 1,1,Outlet 30,Deodorants,Market 5,Channel 1,1,1,MIX,37,Men's Zone,Deodorants,HPC,Market 5,0.8,1,Province 1,HPC&F2016-11-0637,North,Urban,HPC&F,1,1,Area 1,1,Reg 1,Route 1,Territory 1,Manager 6,6,Loc 1,Perfumeries and Premium Beauty,Yes,2,4,DT,4P
Banner 28,28,0,0.026,0.934,1,Drug,City 1,1,Commune 1,Indonesia,Customer 28,28,Local,10/06/2016,1,Manager 5,5,Manager 5,5,Channel 1,1,Outlet 30,Oral Care,Market 6,Channel 1,1,1,MIX,38,Men's Zone,Oral Care,HPC,Market 6,0.8,0,Province 1,HPC&F2016-10-0638,North,Urban,HPC&F,1,1,Area 1,1,Reg 1,Route 1,Territory 1,Manager 7,7,Loc 1,Perfumeries and Premium Beauty,Yes,3,4,DT,4P
Banner 31,31,1,0.084,0.874,1,Drug,City 1,1,Commune 1,Indonesia,Customer 31,31,Global,09/06/2016,1,Manager 5,5,Manager 5,5,Channel 1,1,Outlet 31,Hair,Market 6,Channel 1,1,1,MIX,39,Gifting,Hair,HPC,Market 6,0.8,0,Province 1,IC2016-09-0639,North,Urban,IC,1,1,Area 1,1,Reg 1,Route 1,Territory 1,Manager 8,8,Loc 1,Beauty Pharmacy-Chemist,Yes,4,4,DT,6P
Banner 31,31,1,0.833,0.493,1,Drug,City 1,1,Commune 1,Indonesia,Customer 31,31,Global,08/06/2016,1,Manager 6,6,Manager 6,6,Channel 1,1,Outlet 31,Skin Care,Market 6,Channel 1,1,1,MIX,40,Men's Zone,Skin Care,HPC,Market 6,0.8,1,Province 1,HPC&F2016-08-0640,North,Urban,HPC&F,1,1,Area 1,1,Reg 1,Route 1,Territory 1,Manager 9,9,Loc 1,Beauty Pharmacy-Chemist,Yes,4,4,DT,6P
Banner 31,31,0,0.544,0.166,1,Drug,City 1,1,Commune 1,Indonesia,Customer 31,31,Global,07/06/2016,1,Manager 6,6,Manager 6,6,Channel 1,1,Outlet 33,Dressings,Market 6,Channel 1,1,1,MIX,41,Men's Zone,Dressings,Foods,Market 6,0.8,0,Province 1,HPC&F2016-07-0641,North,Urban,HPC&F,1,1,Area 1,1,Reg 1,Route 1,Territory 1,Manager 10,10,Loc 1,Beauty Pharmacy-Chemist,Yes,3,4,DT,4P
Banner 31,31,1,0.534,0.089,1,Drug,City 1,1,Commune 1,Indonesia,Customer 31,31,Global,06/06/2016,1,Manager 6,6,Manager 6,6,Channel 1,1,Outlet 33,Deodorants,Market 1,Channel 1,1,1,MIX,42,Gifting,Deodorants,HPC,Market 1,0.8,1,Province 1,IC2016-06-0642,North,Urban,IC,1,1,Area 1,1,Reg 1,Route 1,Territory 1,Manager 6,6,Loc 1,Beauty Pharmacy-Chemist,Yes,4,4,DT,4P
Banner 31,31,1,0.241,0.103,1,Drug,City 1,1,Commune 1,Indonesia,Customer 31,31,Global,12/06/2016,1,Manager 7,7,Manager 7,7,Channel 1,1,Outlet 33,Oral Care,Market 1,Channel 1,1,1,MIX,43,Men's Zone,Oral Care,HPC,Market 1,0.8,0,Province 1,IC2016-12-0643,North,Urban,IC,1,1,Area 1,1,Reg 1,Route 1,Territory 1,Manager 7,7,Loc 1,Beauty Pharmacy-Chemist,Yes,4,4,DT,4P
Banner 34,34,0,0.203,0.563,1,Small / Open Markets,City 1,1,Commune 1,Indonesia,Customer 34,34,Local,11/06/2016,1,Manager 7,7,Manager 7,7,Channel 1,1,Outlet 34,Hair,Market 1,Channel 1,1,1,MIX,44,Gifting,Hair,HPC,Market 1,0.8,1,Province 1,IC2016-11-0644,North,Urban,IC,1,1,Area 1,1,Reg 1,Route 1,Territory 1,Manager 7,7,Loc 1,Mom & Pop,Yes,2,4,DT,6P
Banner 34,34,0,0.004,0.342,1,Small / Open Markets,City 1,1,Commune 1,Indonesia,Customer 34,34,Local,10/06/2016,1,Manager 7,7,Manager 7,7,Channel 1,1,Outlet 34,Skin Care,Market 1,Channel 1,1,1,MIX,45,Gifting,Skin Care,HPC,Market 1,0.8,0,Province 1,IC2016-10-0645,North,Urban,IC,1,1,Area 1,1,Reg 1,Route 1,Territory 1,Manager 7,7,Loc 1,Mom & Pop,Yes,2,4,DT,6P
Banner 34,34,1,0.313,0.722,1,Small / Open Markets,City 1,1,Commune 1,Indonesia,Customer 34,34,Local,09/06/2016,1,Manager 8,8,Manager 8,8,Channel 1,1,Outlet 36,Dressings,Market 1,Channel 1,1,1,MIX,46,Men's Zone,Dressings,Foods,Market 1,0.8,1,Province 1,IC2016-09-0646,North,Urban,IC,1,1,Area 1,1,Reg 1,Route 1,Territory 1,Manager 8,8,Loc 1,Mom & Pop,Yes,4,4,DT,4P
Banner 34,34,1,0.93,0.294,1,Small / Open Markets,City 1,1,Commune 1,Indonesia,Customer 34,34,Local,08/06/2016,1,Manager 8,8,Manager 8,8,Channel 1,1,Outlet 36,Deodorants,Market 1,Channel 1,1,1,MIX,47,Men's Zone,Deodorants,HPC,Market 1,0.8,0,Province 1,HPC&F2016-08-0647,North,Urban,HPC&F,1,1,Area 1,1,Reg 1,Route 1,Territory 1,Manager 8,8,Loc 1,Mom & Pop,Yes,4,4,DT,4P
Banner 34,34,1,0.062,0.577,1,Small / Open Markets,City 1,1,Commune 1,Indonesia,Customer 34,34,Local,07/06/2016,1,Manager 8,8,Manager 8,8,Channel 1,1,Outlet 36,Oral Care,Market 1,Channel 1,1,1,MIX,48,Men's Zone,Oral Care,HPC,Market 1,0.8,0,Province 1,HPC&F2016-07-0648,North,Urban,HPC&F,1,1,Area 1,1,Reg 1,Route 1,Territory 1,Manager 8,8,Loc 1,Mom & Pop,Yes,4,4,DT,4P
Banner 37,37,1,0.768,0.895,1,Small / Open Markets,City 1,1,Commune 1,Indonesia,Customer 37,37,Global,06/06/2016,1,Manager 1,1,Manager 1,1,Channel 1,1,Outlet 37,Hair,Market 2,Channel 1,1,1,MIX,49,Gifting,Hair,HPC,Market 2,0.8,0,Province 1,HPC&F2016-06-0649,North,Urban,HPC&F,1,1,Area 1,1,Reg 1,Route 1,Territory 1,Manager 1,1,Loc 1,Market Stalls,Yes,4,4,DT,6P
Banner 37,37,1,0.48,0.207,1,Small / Open Markets,City 1,1,Commune 1,Indonesia,Customer 37,37,Global,12/06/2016,1,Manager 1,1,Manager 1,1,Channel 1,1,Outlet 37,Skin Care,Market 2,Channel 1,1,1,MIX,50,Gifting,Skin Care,HPC,Market 2,0.8,0,Province 1,HPC&F2016-12-0650,North,Urban,HPC&F,1,1,Area 1,1,Reg 1,Route 1,Territory 1,Manager 1,1,Loc 1,Market Stalls,Yes,4,4,DT,6P
Banner 37,37,1,0.568,0.674,1,Small / Open Markets,City 1,1,Commune 1,Indonesia,Customer 37,37,Global,11/06/2016,1,Manager 1,1,Manager 1,1,Channel 1,1,Outlet 39,Dressings,Market 3,Channel 1,1,1,MIX,51,Men's Zone,Dressings,Foods,Market 3,0.8,0,Province 1,HPC&F2016-11-0651,North,Urban,HPC&F,1,1,Area 1,1,Reg 1,Route 1,Territory 1,Manager 1,1,Loc 1,Market Stalls,Yes,4,4,DT,4P
Banner 37,37,1,0.509,0.25,1,Small / Open Markets,City 1,1,Commune 1,Indonesia,Customer 37,37,Global,10/06/2016,1,Manager 2,2,Manager 2,2,Channel 1,1,Outlet 39,Deodorants,Market 3,Channel 1,1,1,MIX,52,Gifting,Deodorants,HPC,Market 3,0.8,1,Province 1,IC2016-10-0652,North,Urban,IC,1,1,Area 1,1,Reg 1,Route 1,Territory 1,Manager 2,2,Loc 1,Market Stalls,Yes,4,4,DT,4P
Banner 37,37,1,0.545,0.028,1,Small / Open Markets,City 1,1,Commune 1,Indonesia,Customer 37,37,Global,09/06/2016,1,Manager 2,2,Manager 2,2,Channel 1,1,Outlet 39,Oral Care,Market 4,Channel 1,1,1,MIX,53,Men's Zone,Oral Care,HPC,Market 4,0.8,0,Province 1,HPC&F2016-09-0653,North,Urban,HPC&F,1,1,Area 1,1,Reg 1,Route 1,Territory 1,Manager 2,2,Loc 1,Market Stalls,Yes,4,4,DT,4P
Banner 40,40,0,0.296,0.336,1,Independent (family grocer),City 1,1,Commune 1,Indonesia,Customer 40,40,Global,08/06/2016,1,Manager 2,2,Manager 2,2,Channel 1,1,Outlet 40,Hair,Market 4,Channel 1,1,1,MIX,54,Gifting,Hair,HPC,Market 4,0.8,1,Province 1,IC2016-08-0654,North,Urban,IC,1,1,Area 1,1,Reg 1,Route 1,Territory 1,Manager 2,2,Loc 1,Independent (family grocer),Yes,2,4,DT,6P
Banner 40,40,0,0.366,0.412,1,Independent (family grocer),City 1,1,Commune 1,Indonesia,Customer 40,40,Global,07/06/2016,1,Manager 3,3,Manager 3,3,Channel 1,1,Outlet 40,Skin Care,Market 4,Channel 1,1,1,MIX,55,Gifting,Skin Care,HPC,Market 4,0.8,0,Province 1,HPC&F2016-07-0655,North,Urban,HPC&F,1,1,Area 1,1,Reg 1,Route 1,Territory 1,Manager 3,3,Loc 1,Independent (family grocer),Yes,3,4,DT,6P
Banner 40,40,1,0.342,0.742,1,Independent (family grocer),City 1,1,Commune 1,Indonesia,Customer 40,40,Global,06/06/2016,1,Manager 3,3,Manager 3,3,Channel 1,1,Outlet 42,Dressings,Market 5,Channel 1,1,1,MIX,56,Gifting,Dressings,Foods,Market 5,0.8,1,Province 1,HPC&F2016-06-0656,North,Urban,HPC&F,1,1,Area 1,1,Reg 1,Route 1,Territory 1,Manager 3,3,Loc 1,Independent (family grocer),Yes,4,4,DT,4P
Banner 40,40,1,0.507,0.414,1,Independent (family grocer),City 1,1,Commune 1,Indonesia,Customer 40,40,Global,12/06/2016,1,Manager 3,3,Manager 3,3,Channel 1,1,Outlet 42,Deodorants,Market 5,Channel 1,1,1,MIX,57,Gifting,Deodorants,HPC,Market 5,0.8,0,Province 1,HPC&F2016-12-0657,North,Urban,HPC&F,1,1,Area 1,1,Reg 1,Route 1,Territory 1,Manager 3,3,Loc 1,Independent (family grocer),Yes,4,4,DT,4P
Banner 40,40,1,0.653,0.82,1,Independent (family grocer),City 1,1,Commune 1,Indonesia,Customer 40,40,Global,11/06/2016,1,Manager 4,4,Manager 4,4,Channel 1,1,Outlet 42,Oral Care,Market 5,Channel 1,1,1,MIX,58,Gifting,Oral Care,HPC,Market 5,0.8,1,Province 1,HPC&F2016-11-0658,North,Urban,HPC&F,1,1,Area 1,1,Reg 1,Route 1,Territory 1,Manager 4,4,Loc 1,Independent (family grocer),Yes,4,4,DT,4P
Banner 43,43,1,0.961,0.057,1,Convenience,City 1,1,Commune 1,Indonesia,Customer 43,43,Global,10/06/2016,1,Manager 4,4,Manager 4,4,Channel 10,10,Outlet 43,Hair,Market 6,Channel 10,10,1,MIX,59,Gifting,Hair,HPC,Market 6,0.8,1,Province 1,IC2016-10-0659,North,Urban,IC,1,1,Area 1,1,Reg 1,Route 1,Territory 1,Manager 4,4,Loc 1,Convenience,Yes,4,4,DT,6P
Banner 43,43,1,0.989,0.139,1,Convenience,City 1,1,Commune 1,Indonesia,Customer 43,43,Global,09/06/2016,1,Manager 4,4,Manager 4,4,Channel 10,10,Outlet 43,Skin Care,Market 6,Channel 10,10,1,MIX,60,Men's Zone,Skin Care,HPC,Market 6,0.8,0,Province 1,HPC&F2016-09-0660,North,Urban,HPC&F,1,1,Area 1,1,Reg 1,Route 1,Territory 1,Manager 4,4,Loc 1,Convenience,Yes,4,4,DT,6P
Banner 43,43,1,0.125,0.537,1,Convenience,City 1,1,Commune 1,Indonesia,Customer 43,43,Global,08/06/2016,1,Manager 5,5,Manager 5,5,Channel 10,10,Outlet 45,Dressings,Market 6,Channel 10,10,1,MIX,61,Gifting,Dressings,Foods,Market 6,0.8,0,Province 1,HPC&F2016-08-0661,North,Urban,HPC&F,1,1,Area 1,1,Reg 1,Route 1,Territory 1,Manager 5,5,Loc 1,Convenience,Yes,4,4,DT,4P
Banner 43,43,1,0.892,0.874,1,Convenience,City 1,1,Commune 1,Indonesia,Customer 43,43,Global,07/06/2016,1,Manager 5,5,Manager 5,5,Channel 10,10,Outlet 45,Deodorants,Market 6,Channel 10,10,1,MIX,62,Men's Zone,Deodorants,HPC,Market 6,0.8,0,Province 1,IC2016-07-0662,North,Urban,IC,1,1,Area 1,1,Reg 1,Route 1,Territory 1,Manager 5,5,Loc 1,Convenience,Yes,4,4,DT,4P
Banner 43,43,1,0.511,0.391,1,Convenience,City 1,1,Commune 1,Indonesia,Customer 43,43,Global,06/06/2016,1,Manager 5,5,Manager 5,5,Channel 10,10,Outlet 45,Oral Care,Market 1,Channel 10,10,1,MIX,63,Gifting,Oral Care,HPC,Market 1,0.8,1,Province 1,HPC&F2016-06-0663,North,Urban,HPC&F,1,1,Area 1,1,Reg 1,Route 1,Territory 1,Manager 1,1,Loc 1,Convenience,Yes,4,4,DT,4P
Banner 46,46,1,0.074,0.634,1,On Premise / Impulse,City 1,1,Commune 1,Indonesia,Customer 46,46,Local,12/06/2016,1,Manager 6,6,Manager 6,6,Channel 10,10,Outlet 46,Hair,Market 1,Channel 10,10,1,MIX,64,Men's Zone,Hair,HPC,Market 1,0.8,1,Province 1,IC2016-12-0664,North,Urban,IC,1,1,Area 1,1,Reg 1,Route 1,Territory 1,Manager 2,2,Loc 1,Mobile / Vending / Kiosks,Yes,4,4,DT,6P
Banner 46,46,1,0.99,0.667,1,On Premise / Impulse,City 1,1,Commune 1,Indonesia,Customer 46,46,Local,11/06/2016,1,Manager 6,6,Manager 6,6,Channel 10,10,Outlet 46,Skin Care,Market 1,Channel 10,10,1,MIX,65,Gifting,Skin Care,HPC,Market 1,0.8,1,Province 1,IC2016-11-0665,North,Urban,IC,1,1,Area 1,1,Reg 1,Route 1,Territory 1,Manager 3,3,Loc 1,Mobile / Vending / Kiosks,Yes,4,4,DT,6P
Banner 46,46,1,0.905,0.316,1,On Premise / Impulse,City 1,1,Commune 1,Indonesia,Customer 46,46,Local,10/06/2016,1,Manager 6,6,Manager 6,6,Channel 10,10,Outlet 48,Dressings,Market 1,Channel 10,10,1,MIX,66,Men's Zone,Dressings,Foods,Market 1,0.8,0,Province 1,IC2016-10-0666,North,Urban,IC,1,1,Area 1,1,Reg 1,Route 1,Territory 1,Manager 4,4,Loc 1,Mobile / Vending / Kiosks,Yes,4,4,DT,4P
Banner 46,46,0,0.021,0.313,1,On Premise / Impulse,City 1,1,Commune 1,Indonesia,Customer 46,46,Local,09/06/2016,1,Manager 7,7,Manager 7,7,Channel 10,10,Outlet 48,Deodorants,Market 1,Channel 10,10,1,MIX,67,Gifting,Deodorants,HPC,Market 1,0.8,1,Province 1,HPC&F2016-09-0667,North,Urban,HPC&F,1,1,Area 1,1,Reg 1,Route 1,Territory 1,Manager 5,5,Loc 1,Mobile / Vending / Kiosks,Yes,3,4,DT,4P
Banner 46,46,0,0.831,0.368,1,On Premise / Impulse,City 1,1,Commune 1,Indonesia,Customer 46,46,Local,08/06/2016,1,Manager 7,7,Manager 7,7,Channel 10,10,Outlet 48,Oral Care,Market 1,Channel 10,10,1,MIX,68,Men's Zone,Oral Care,HPC,Market 1,0.8,0,Province 1,HPC&F2016-08-0668,North,Urban,HPC&F,1,1,Area 1,1,Reg 1,Route 1,Territory 1,Manager 6,6,Loc 1,Mobile / Vending / Kiosks,Yes,2,4,DT,4P
Banner 49,49,1,0.591,0.811,1,On Premise / Impulse,City 1,1,Commune 1,Indonesia,Customer 49,49,Global,07/06/2016,1,Manager 7,7,Manager 7,7,Channel 10,10,Outlet 49,Hair,Market 1,Channel 10,10,1,MIX,69,Gifting,Hair,HPC,Market 1,0.8,0,Province 1,IC2016-07-0669,North,Urban,IC,1,1,Area 1,1,Reg 1,Route 1,Territory 1,Manager 7,7,Loc 1,Hotels / Restaurants,Yes,4,4,DT,6P
Banner 49,49,0,0.356,0.486,1,On Premise / Impulse,City 1,1,Commune 1,Indonesia,Customer 49,49,Global,06/06/2016,1,Manager 8,8,Manager 8,8,Channel 10,10,Outlet 49,Skin Care,Market 2,Channel 10,10,1,MIX,70,Men's Zone,Skin Care,HPC,Market 2,0.8,0,Province 1,IC2016-06-0670,North,Urban,IC,1,1,Area 1,1,Reg 1,Route 1,Territory 1,Manager 8,8,Loc 1,Hotels / Restaurants,Yes,2,4,DT,6P
Banner 49,49,1,0.755,0.088,1,On Premise / Impulse,City 1,1,Commune 1,Indonesia,Customer 49,49,Global,12/06/2016,1,Manager 8,8,Manager 8,8,Channel 10,10,Outlet 51,Dressings,Market 2,Channel 10,10,1,MIX,71,Men's Zone,Dressings,Foods,Market 2,0.8,1,Province 1,IC2016-12-0671,North,Urban,IC,1,1,Area 1,1,Reg 1,Route 1,Territory 1,Manager 9,9,Loc 1,Hotels / Restaurants,Yes,4,4,DT,4P
Banner 49,49,1,0.031,0.919,1,On Premise / Impulse,City 1,1,Commune 1,Indonesia,Customer 49,49,Global,11/06/2016,1,Manager 8,8,Manager 8,8,Channel 10,10,Outlet 51,Deodorants,Market 3,Channel 10,10,1,MIX,72,Gifting,Deodorants,HPC,Market 3,0.8,0,Province 1,HPC&F2016-11-0672,North,Urban,HPC&F,1,1,Area 1,1,Reg 1,Route 1,Territory 1,Manager 10,10,Loc 1,Hotels / Restaurants,Yes,4,4,DT,4P
Banner 49,49,1,0.625,0.585,1,On Premise / Impulse,City 1,1,Commune 1,Indonesia,Customer 49,49,Global,10/06/2016,1,Manager 1,1,Manager 1,1,Channel 10,10,Outlet 51,Oral Care,Market 3,Channel 10,10,1,MIX,73,Gifting,Oral Care,HPC,Market 3,0.8,0,Province 1,HPC&F2016-10-0673,North,Urban,HPC&F,1,1,Area 1,1,Reg 1,Route 1,Territory 1,Manager 1,1,Loc 1,Hotels / Restaurants,Yes,4,4,DT,4P
Banner 52,52,1,0.904,0.838,1,On Premise / Impulse,City 1,1,Commune 1,Indonesia,Customer 52,52,Global,09/06/2016,1,Manager 1,1,Manager 1,1,Channel 10,10,Outlet 52,Hair,Market 4,Channel 10,10,1,MIX,74,Gifting,Hair,HPC,Market 4,0.8,0,Province 1,HPC&F2016-09-0674,North,Urban,HPC&F,1,1,Area 1,1,Reg 1,Route 1,Territory 1,Manager 1,1,Loc 1,Cafes / Snack Bars / Bars,Yes,4,4,DT,6P
Banner 52,52,0,0.038,0.132,1,On Premise / Impulse,City 1,1,Commune 1,Indonesia,Customer 52,52,Global,08/06/2016,1,Manager 1,1,Manager 2,2,Channel 10,10,Outlet 52,Skin Care,Market 4,Channel 10,10,1,MIX,75,Gifting,Skin Care,HPC,Market 4,0.8,0,Province 1,HPC&F2016-08-0675,North,Urban,HPC&F,1,1,Area 1,1,Reg 1,Route 1,Territory 1,Manager 1,1,Loc 1,Cafes / Snack Bars / Bars,Yes,3,4,DT,6P
Banner 52,52,1,0.517,0.973,1,On Premise / Impulse,City 1,1,Commune 1,Indonesia,Customer 52,52,Global,07/06/2016,1,Manager 2,2,Manager 3,3,Channel 10,10,Outlet 54,Dressings,Market 4,Channel 10,10,1,MIX,76,Gifting,Dressings,Foods,Market 4,0.8,0,Province 1,HPC&F2016-07-0676,North,Urban,HPC&F,1,1,Area 1,1,Reg 1,Route 1,Territory 1,Manager 2,2,Loc 1,Cafes / Snack Bars / Bars,Yes,4,4,DT,4P
Banner 52,52,0,0.977,0.515,1,On Premise / Impulse,City 1,1,Commune 1,Indonesia,Customer 52,52,Global,06/06/2016,1,Manager 2,2,Manager 4,4,Channel 10,10,Outlet 54,Deodorants,Market 5,Channel 10,10,1,MIX,77,Gifting,Deodorants,HPC,Market 5,0.8,1,Province 1,HPC&F2016-06-0677,North,Urban,HPC&F,1,1,Area 1,1,Reg 1,Route 1,Territory 1,Manager 2,2,Loc 1,Cafes / Snack Bars / Bars,Yes,3,4,DT,4P
Banner 52,52,1,0.075,0.844,1,On Premise / Impulse,City 1,1,Commune 1,Indonesia,Customer 52,52,Global,12/06/2016,1,Manager 2,2,Manager 5,5,Channel 10,10,Outlet 54,Oral Care,Market 5,Channel 10,10,1,MIX,78,Gifting,Oral Care,HPC,Market 5,0.8,1,Province 1,HPC&F2016-12-0678,North,Urban,HPC&F,1,1,Area 1,1,Reg 1,Route 1,Territory 1,Manager 2,2,Loc 1,Cafes / Snack Bars / Bars,Yes,4,4,DT,4P
Banner 55,55,1,0.561,0.485,1,On Premise / Impulse,City 1,1,Commune 1,Indonesia,Customer 55,55,Global,11/06/2016,1,Manager 3,3,Manager 6,6,Channel 10,10,Outlet 55,Hair,Market 5,Channel 10,10,1,MIX,79,Gifting,Hair,HPC,Market 5,0.8,0,Province 1,HPC&F2016-11-0679,North,Urban,HPC&F,1,1,Area 1,1,Reg 1,Route 1,Territory 1,Manager 3,3,Loc 1,SCO Services / Companies / Offices,Yes,4,4,DT,6P
Banner 55,55,1,0.587,0.185,1,On Premise / Impulse,City 1,1,Commune 1,Indonesia,Customer 55,55,Global,10/06/2016,1,Manager 3,3,Manager 7,7,Channel 10,10,Outlet 55,Skin Care,Market 6,Channel 10,10,1,MIX,80,Gifting,Skin Care,HPC,Market 6,0.8,1,Province 1,IC2016-10-0680,North,Urban,IC,1,1,Area 1,1,Reg 1,Route 1,Territory 1,Manager 3,3,Loc 1,SCO Services / Companies / Offices,Yes,4,4,DT,6P
Banner 55,55,1,0.653,0.784,1,On Premise / Impulse,City 1,1,Commune 1,Indonesia,Customer 55,55,Global,09/06/2016,1,Manager 3,3,Manager 8,8,Channel 10,10,Outlet 57,Dressings,Market 6,Channel 10,10,1,MIX,81,Men's Zone,Dressings,Foods,Market 6,0.8,0,Province 1,IC2016-09-0681,North,Urban,IC,1,1,Area 1,1,Reg 1,Route 1,Territory 1,Manager 3,3,Loc 1,SCO Services / Companies / Offices,Yes,4,4,DT,4P
Banner 55,55,1,0.663,0.119,1,On Premise / Impulse,City 1,1,Commune 1,Indonesia,Customer 55,55,Global,08/06/2016,1,Manager 4,4,Manager 9,9,Channel 10,10,Outlet 57,Deodorants,Market 6,Channel 10,10,1,MIX,82,Gifting,Deodorants,HPC,Market 6,0.8,1,Province 1,IC2016-08-0682,North,Urban,IC,1,1,Area 1,1,Reg 1,Route 1,Territory 1,Manager 4,4,Loc 1,SCO Services / Companies / Offices,Yes,4,4,DT,4P
Banner 55,55,1,0.675,0.935,1,On Premise / Impulse,City 1,1,Commune 1,Indonesia,Customer 55,55,Global,07/06/2016,1,Manager 4,4,Manager 10,10,Channel 10,10,Outlet 57,Oral Care,Market 6,Channel 10,10,1,MIX,83,Gifting,Oral Care,HPC,Market 6,0.8,0,Province 1,IC2016-07-0683,North,Urban,IC,1,1,Area 1,1,Reg 1,Route 1,Territory 1,Manager 4,4,Loc 1,SCO Services / Companies / Offices,Yes,4,4,DT,4P
Banner 58,58,1,0.203,0.569,1,On Premise / Impulse,City 1,1,Commune 1,Indonesia,Customer 58,58,Local,06/06/2016,1,Manager 4,4,Manager 4,4,Channel 10,10,Outlet 58,Hair,Market 1,Channel 10,10,1,MIX,84,Gifting,Hair,HPC,Market 1,0.8,0,Province 1,IC2016-06-0684,North,Urban,IC,1,1,Area 1,1,Reg 1,Route 1,Territory 1,Manager 4,4,Loc 1,Travel & Leisure,Yes,4,4,DT,6P
Banner 58,58,1,0.125,0.435,1,On Premise / Impulse,City 1,1,Commune 1,Indonesia,Customer 58,58,Local,12/06/2016,1,Manager 5,5,Manager 5,5,Channel 10,10,Outlet 58,Skin Care,Market 1,Channel 10,10,1,MIX,85,Men's Zone,Skin Care,HPC,Market 1,0.8,0,Province 1,HPC&F2016-12-0685,North,Urban,HPC&F,1,1,Area 1,1,Reg 1,Route 1,Territory 1,Manager 5,5,Loc 1,Travel & Leisure,Yes,4,4,DT,6P
Banner 58,58,1,0.562,0.453,1,On Premise / Impulse,City 1,1,Commune 1,Indonesia,Customer 58,58,Local,11/06/2016,1,Manager 5,5,Manager 6,6,Channel 10,10,Outlet 60,Dressings,Market 1,Channel 10,10,1,MIX,86,Men's Zone,Dressings,Foods,Market 1,0.8,0,Province 1,IC2016-11-0686,North,Urban,IC,1,1,Area 1,1,Reg 1,Route 1,Territory 1,Manager 5,5,Loc 1,Travel & Leisure,Yes,4,4,DT,4P
Banner 58,58,0,0.809,0.362,1,On Premise / Impulse,City 1,1,Commune 1,Indonesia,Customer 58,58,Local,10/06/2016,1,Manager 5,5,Manager 7,7,Channel 10,10,Outlet 60,Deodorants,Market 1,Channel 10,10,1,MIX,87,Men's Zone,Deodorants,HPC,Market 1,0.8,1,Province 1,IC2016-10-0687,North,Urban,IC,1,1,Area 1,1,Reg 1,Route 1,Territory 1,Manager 5,5,Loc 1,Travel & Leisure,Yes,3,4,DT,4P
Banner 58,58,0,0.112,0.527,1,On Premise / Impulse,City 1,1,Commune 1,Indonesia,Customer 58,58,Local,09/06/2016,1,Manager 6,6,Manager 5,5,Channel 10,10,Outlet 60,Oral Care,Market 1,Channel 10,10,1,MIX,88,Gifting,Oral Care,HPC,Market 1,0.8,0,Province 1,IC2016-09-0688,North,Urban,IC,1,1,Area 1,1,Reg 1,Route 1,Territory 1,Manager 6,6,Loc 1,Travel & Leisure,Yes,3,4,DT,4P
Banner 61,61,1,0.038,0.753,1,On Premise / Impulse,City 1,1,Commune 1,Indonesia,Customer 61,61,Global,08/06/2016,1,Manager 6,6,Manager 6,6,Channel 10,10,Outlet 61,Hair,Market 1,Channel 10,10,1,MIX,89,Gifting,Hair,HPC,Market 1,0.8,1,Province 1,IC2016-08-0689,North,Urban,IC,1,1,Area 1,1,Reg 1,Route 1,Territory 1,Manager 6,6,Loc 1,Institutions education / government,Yes,4,4,DT,6P
Banner 61,61,1,0.107,0.638,1,On Premise / Impulse,City 1,1,Commune 1,Indonesia,Customer 61,61,Global,07/06/2016,1,Manager 6,6,Manager 7,7,Channel 10,10,Outlet 61,Skin Care,Market 1,Channel 10,10,1,MIX,90,Men's Zone,Skin Care,HPC,Market 1,0.8,0,Province 1,HPC&F2016-07-0690,North,Urban,HPC&F,1,1,Area 1,1,Reg 1,Route 1,Territory 1,Manager 6,6,Loc 1,Institutions education / government,Yes,4,4,DT,6P
Banner 61,61,0,0.095,0.513,1,On Premise / Impulse,City 1,1,Commune 1,Indonesia,Customer 61,61,Global,06/06/2016,1,Manager 7,7,Manager 8,8,Channel 10,10,Outlet 63,Dressings,Market 2,Channel 10,10,1,MIX,91,Gifting,Dressings,Foods,Market 2,0.8,1,Province 1,IC2016-06-0691,North,Urban,IC,1,1,Area 1,1,Reg 1,Route 1,Territory 1,Manager 7,7,Loc 1,Institutions education / government,Yes,3,4,DT,4P
Banner 61,61,1,0.607,0.494,1,On Premise / Impulse,City 1,1,Commune 1,Indonesia,Customer 61,61,Global,12/06/2016,1,Manager 7,7,Manager 9,9,Channel 10,10,Outlet 63,Deodorants,Market 2,Channel 10,10,1,MIX,92,Gifting,Deodorants,HPC,Market 2,0.8,0,Province 1,IC2016-12-0692,North,Urban,IC,1,1,Area 1,1,Reg 1,Route 1,Territory 1,Manager 7,7,Loc 1,Institutions education / government,Yes,4,4,DT,4P
Banner 61,61,1,0.517,0.412,1,On Premise / Impulse,City 1,1,Commune 1,Indonesia,Customer 61,61,Global,11/06/2016,1,Manager 7,7,Manager 10,10,Channel 10,10,Outlet 63,Oral Care,Market 3,Channel 10,10,1,MIX,93,Gifting,Oral Care,HPC,Market 3,0.8,0,Province 1,HPC&F2016-11-0693,North,Urban,HPC&F,1,1,Area 1,1,Reg 1,Route 1,Territory 1,Manager 7,7,Loc 1,Institutions education / government,Yes,4,4,DT,4P
Banner 64,64,1,0.496,0.439,1,On Premise / Impulse,City 1,1,Commune 1,Indonesia,Customer 64,64,Global,10/06/2016,1,Manager 8,8,Manager 8,8,Channel 10,10,Outlet 64,Hair,Market 3,Channel 10,10,1,MIX,94,Gifting,Hair,HPC,Market 3,0.8,0,Province 1,HPC&F2016-10-0694,North,Urban,HPC&F,1,1,Area 1,1,Reg 1,Route 1,Territory 1,Manager 8,8,Loc 1,Non-food retail,Yes,4,4,DT,6P
Banner 64,64,0,0.594,0.05,1,On Premise / Impulse,City 1,1,Commune 1,Indonesia,Customer 64,64,Global,09/06/2016,1,Manager 8,8,Manager 8,8,Channel 10,10,Outlet 64,Skin Care,Market 4,Channel 10,10,1,MIX,95,Gifting,Skin Care,HPC,Market 4,0.8,1,Province 1,IC2016-09-0695,North,Urban,IC,1,1,Area 1,1,Reg 1,Route 1,Territory 1,Manager 8,8,Loc 1,Non-food retail,Yes,2,4,DT,6P
Banner 64,64,1,0.107,0.654,1,On Premise / Impulse,City 1,1,Commune 1,Indonesia,Customer 64,64,Global,08/06/2016,1,Manager 8,8,Manager 8,8,Channel 10,10,Outlet 66,Dressings,Market 4,Channel 10,10,1,MIX,96,Gifting,Dressings,Foods,Market 4,0.8,1,Province 1,IC2016-08-0696,North,Urban,IC,1,1,Area 1,1,Reg 1,Route 1,Territory 1,Manager 8,8,Loc 1,Non-food retail,Yes,4,4,DT,4P
Banner 64,64,1,0.805,0.225,1,On Premise / Impulse,City 1,1,Commune 1,Indonesia,Customer 64,64,Global,07/06/2016,1,Manager 1,1,Manager 1,1,Channel 10,10,Outlet 66,Deodorants,Market 4,Channel 10,10,1,MIX,97,Men's Zone,Deodorants,HPC,Market 4,0.8,0,Province 1,HPC&F2016-07-0697,North,Urban,HPC&F,1,1,Area 1,1,Reg 1,Route 1,Territory 1,Manager 1,1,Loc 1,Non-food retail,Yes,4,4,DT,4P
Banner 64,64,1,0.841,0.909,1,On Premise / Impulse,City 1,1,Commune 1,Indonesia,Customer 64,64,Global,06/06/2016,1,Manager 1,1,Manager 2,2,Channel 10,10,Outlet 66,Oral Care,Market 5,Channel 10,10,1,MIX,98,Gifting,Oral Care,HPC,Market 5,0.8,0,Province 1,IC2016-06-0698,North,Urban,IC,1,1,Area 1,1,Reg 1,Route 1,Territory 1,Manager 1,1,Loc 1,Non-food retail,Yes,4,4,DT,4P
Banner 1,1,1,0.899,0.371,1,Hypermarket,City 1,1,Commune 1,Indonesia,Customer 1,1,Global,12/06/2016,1,Manager 1,1,Manager 3,3,Channel 10,10,Outlet 1,Skin Care,Market 5,Channel 10,10,1,MIX,99,Men's Zone,Skin Care,HPC,Market 5,0.8,0,Province 1,HPC&F2016-12-0699,North,Urban,HPC&F,1,1,Area 1,1,Reg 1,Route 1,Territory 1,Manager 1,1,Loc 1,Hypermarket,Yes,4,4,MT,6P
Banner 10,10,1,0.882,0.528,1,Discounters,City 1,1,Commune 1,Indonesia,Customer 10,10,Global,11/06/2016,1,Manager 2,2,Manager 4,4,Channel 10,10,Outlet 10,Skin Care,Market 5,Channel 10,10,1,MIX,100,Gifting,Skin Care,HPC,Market 5,0.8,0,Province 1,HPC&F2016-11-06100,North,Urban,HPC&F,1,1,Area 1,1,Reg 1,Route 1,Territory 1,Manager 2,2,Loc 1,Discounters,Yes,4,4,MT,6P
Banner 13,13,0,0.503,0.361,1,Club,City 1,1,Commune 1,Indonesia,Customer 13,13,Global,10/06/2016,1,Manager 2,2,Manager 5,5,Channel 10,10,Outlet 13,Skin Care,Market 6,Channel 10,10,1,MIX,101,Gifting,Skin Care,HPC,Market 6,0.8,1,Province 1,HPC&F2016-10-06101,North,Urban,HPC&F,1,1,Area 1,1,Reg 1,Route 1,Territory 1,Manager 2,2,Loc 1,Club,Yes,3,4,MT,6P
