Banner,Banner_ID,Category_ID,Channel,City,City_ID,Country,Customer,Customer_ID,Customer_Type,Date_of_audit,Division_ID,Field_Execution_Manager,Field_Execution_Manager_ID,Field_Sales_Manager,Field_Sales_Manager_ID,Local_Channel,Local_Channel_ID,Local_Outlet_Name,Local_Product_Category,Local_Product_Market,Local_Subchannel,Local_Subchannel_ID,Market_ID,OSA_Compliance,OSA_Hurdle_Rate_Percentage,OSA_Percentage,Outlet_ID,PS_Category,Product_Category,Product_Compliance_Target,Product_Division,Product_Market,Province,Record_Id,Region,Rural_Urban,Sales_Org,Sales_Region_ID,Sales_Territory_ID,Sales_area,Sales_area_ID,Sales_region,Sales_route,Sales_territory,Store_Operations_Manager,Store_Operations_Manager_ID,Store_type,Subchannel,Top_Customer,Total_Audited,Total_OOS,Total_OSA,Total_Void,Trade_Format,X4P_5P_6P
Banner 1,1,4,Hypermarket,City 1,1,Indonesia,Customer 1,1,Global,2016-11-06,1,Manager 1,1,Manager 1,1,Channel 1,1,Outlet 1,Ice Cream,Market 1,Local Subchannel 26,26,1,1,0.834,0.262,2,Gifting,Ice Cream,0.418,Beverages & Refreshments,Market 1,Province 1,HPC&F2016-11-062,North,Rural,HPC&F,1,1,Area 1,1,Reg 1,Route 1,Territory 1,Manager 2,2,(blank),Hypermarket,Yes,1,0,0,0,MT,6P
Banner 1,1,12,Hypermarket,City 1,1,Indonesia,Customer 1,1,Global,2016-10-06,1,Manager 1,1,Manager 1,1,Channel 1,1,Outlet 1,Ice Cream,Market 1,Local Subchannel 57,57,1,1,0.518,0.013,3,Gifting,Ice Cream,0.13,Beverages & Refreshments,Market 1,Province 1,HPC&F2016-10-063,North,Rural,HPC&F,1,1,Area 1,1,Reg 1,Route 1,Territory 1,Manager 3,3,(blank),Hypermarket,Yes,3,0,0,0,MT,6P
Banner 1,1,29,Hypermarket,City 1,1,Indonesia,Customer 1,1,Global,2016-09-06,2,Manager 2,2,Manager 2,2,Channel 1,1,Outlet 1,Hair,Market 1,Local Subchannel 30,30,2,1,0.041,0.542,4,Gifting,Hair,0.242,HPC,Market 1,Province 1,HPC&F2016-09-064,North,Urban,HPC&F,1,1,Area 1,1,Reg 1,Route 1,Territory 1,Manager 4,4,(blank),Hypermarket,Yes,5,0,0,0,MT,6P
Banner 1,1,24,Hypermarket,City 1,1,Indonesia,Customer 1,1,Global,2016-08-06,2,Manager 2,2,Manager 2,2,Channel 1,1,Outlet 1,Ice Cream,Market 1,Local Subchannel 43,43,2,1,0.992,0.765,5,Men's Zone,Ice Cream,0.85,Beverages & Refreshments,Market 1,Province 1,HPC&F2016-08-065,North,Urban,HPC&F,1,1,Area 1,1,Reg 1,Route 1,Territory 1,Manager 5,5,(blank),Hypermarket,Yes,1,0,0,0,MT,6P
Banner 1,1,39,Hypermarket,City 1,1,Indonesia,Customer 1,1,Global,2016-07-06,2,Manager 2,2,Manager 2,2,Channel 1,1,Outlet 1,Ice Cream,Market 1,Local Subchannel 42,42,2,1,0.461,0.729,6,Gifting,Ice Cream,0.692,Beverages & Refreshments,Market 1,Province 1,HPC&F2016-07-066,North,Urban,HPC&F,1,1,Area 1,1,Reg 1,Route 1,Territory 1,Manager 6,6,(blank),Hypermarket,Yes,3,0,0,0,MT,6P
Banner 1,1,7,Hypermarket,City 1,1,Indonesia,Customer 1,1,Global,2016-06-06,3,Manager 3,3,Manager 3,3,Channel 1,1,Outlet 1,Hair,Market 1,Local Subchannel 47,47,3,1,0.678,0.635,7,Gifting,Hair,0.706,HPC,Market 1,Province 1,HPC&F2016-06-067,North,Rural,HPC&F,1,1,Area 1,1,Reg 1,Route 1,Territory 1,Manager 7,7,(blank),Hypermarket,Yes,5,0,0,0,MT,6P
Banner 1,1,48,Hypermarket,City 1,1,Indonesia,Customer 1,1,Global,2016-05-06,3,Manager 3,3,Manager 3,3,Channel 1,1,Outlet 1,Ice Cream,Market 1,Local Subchannel 7,7,3,1,0.313,0.216,8,Men's Zone,Ice Cream,0.505,Beverages & Refreshments,Market 1,Province 1,IC2016-05-068,North,Urban,IC,1,1,Area 1,1,Reg 1,Route 1,Territory 1,Manager 8,8,(blank),Hypermarket,Yes,1,0,0,0,MT,6P
Banner 1,1,21,Hypermarket,City 1,1,Indonesia,Customer 1,1,Global,2016-04-06,3,Manager 3,3,Manager 3,3,Channel 1,1,Outlet 1,Ice Cream,Market 1,Local Subchannel 24,24,3,1,0.714,0.904,9,Men's Zone,Ice Cream,0.87,Beverages & Refreshments,Market 1,Province 1,HPC&F2016-04-069,North,Rural,HPC&F,1,1,Area 1,1,Reg 1,Route 1,Territory 1,Manager 9,9,(blank),Hypermarket,Yes,3,0,0,0,MT,6P
Banner 1,1,28,Hypermarket,City 1,1,Indonesia,Customer 1,1,Global,2016-03-06,4,Manager 4,4,Manager 4,4,Channel 1,1,Outlet 1,Hair,Market 1,Local Subchannel 34,34,4,1,0.197,0.901,10,Men's Zone,Hair,0.488,HPC,Market 1,Province 1,IC2016-03-0610,North,Urban,IC,1,1,Area 1,1,Reg 1,Route 1,Territory 1,Manager 10,10,(blank),Hypermarket,Yes,5,0,0,0,MT,6P
Banner 1,1,33,Hypermarket,City 1,1,Indonesia,Customer 1,1,Global,2016-12-06,4,Manager 4,4,Manager 4,4,Channel 1,1,Outlet 1,Ice Cream,Market 1,Local Subchannel 6,6,4,1,0.675,0.185,11,Men's Zone,Ice Cream,0.671,Beverages & Refreshments,Market 1,Province 1,HPC&F2016-12-0611,North,Rural,HPC&F,1,1,Area 1,1,Reg 1,Route 1,Territory 1,Manager 4,4,(blank),Hypermarket,Yes,1,0,0,0,MT,6P
Banner 1,1,24,Hypermarket,City 1,1,Indonesia,Customer 1,1,Global,2016-11-06,4,Manager 4,4,Manager 4,4,Channel 1,1,Outlet 1,Ice Cream,Market 1,Local Subchannel 50,50,4,0,0.507,0.943,12,Gifting,Ice Cream,0.067,Beverages & Refreshments,Market 1,Province 1,HPC&F2016-11-0612,North,Rural,HPC&F,1,1,Area 1,1,Reg 1,Route 1,Territory 1,Manager 5,5,(blank),Hypermarket,Yes,3,0,0,0,MT,6P
Banner 1,1,46,Hypermarket,City 1,1,Indonesia,Customer 1,1,Global,2016-10-06,5,Manager 5,5,Manager 5,5,Channel 1,1,Outlet 1,Hair,Market 1,Local Subchannel 49,49,5,1,0.355,0.131,13,Men's Zone,Hair,0.195,HPC,Market 1,Province 1,HPC&F2016-10-0613,North,Urban,HPC&F,1,1,Area 1,1,Reg 1,Route 1,Territory 1,Manager 6,6,(blank),Hypermarket,Yes,5,0,0,0,MT,6P
Banner 1,1,16,Hypermarket,City 1,1,Indonesia,Customer 1,1,Global,2016-09-06,5,Manager 5,5,Manager 5,5,Channel 1,1,Outlet 1,Ice Cream,Market 1,Local Subchannel 41,41,5,1,0.124,0.668,14,Gifting,Ice Cream,0.314,Beverages & Refreshments,Market 1,Province 1,HPC&F2016-09-0614,North,Urban,HPC&F,1,1,Area 1,1,Reg 1,Route 1,Territory 1,Manager 7,7,(blank),Hypermarket,Yes,1,0,0,0,MT,6P
Banner 1,1,23,Hypermarket,City 1,1,Indonesia,Customer 1,1,Global,2016-08-06,5,Manager 5,5,Manager 5,5,Channel 1,1,Outlet 1,Ice Cream,Market 1,Local Subchannel 56,56,5,0,0.401,0.96,15,Gifting,Ice Cream,0.341,Beverages & Refreshments,Market 1,Province 1,IC2016-08-0615,North,Urban,IC,1,1,Area 1,1,Reg 1,Route 1,Territory 1,Manager 5,5,(blank),Hypermarket,Yes,3,0,0,0,MT,6P
Banner 1,1,55,Hypermarket,City 1,1,Indonesia,Customer 1,1,Global,2016-07-06,6,Manager 6,6,Manager 6,6,Channel 1,1,Outlet 1,Hair,Market 1,Local Subchannel 44,44,6,1,0.156,0.69,16,Gifting,Hair,0.589,HPC,Market 1,Province 1,HPC&F2016-07-0616,North,Rural,HPC&F,1,1,Area 1,1,Reg 1,Route 1,Territory 1,Manager 6,6,(blank),Hypermarket,Yes,5,0,0,0,MT,6P
Banner 1,1,10,Hypermarket,City 1,1,Indonesia,Customer 1,1,Global,2016-06-06,6,Manager 6,6,Manager 6,6,Channel 1,1,Outlet 1,Ice Cream,Market 1,Local Subchannel 16,16,6,1,0.425,0.395,17,Gifting,Ice Cream,0.964,Beverages & Refreshments,Market 1,Province 1,HPC&F2016-06-0617,North,Urban,HPC&F,1,1,Area 1,1,Reg 1,Route 1,Territory 1,Manager 7,7,(blank),Hypermarket,Yes,1,0,0,0,MT,6P
Banner 1,1,28,Hypermarket,City 1,1,Indonesia,Customer 1,1,Global,2016-05-06,6,Manager 6,6,Manager 6,6,Channel 1,1,Outlet 1,Ice Cream,Market 1,Local Subchannel 58,58,6,0,0.639,0.402,18,Men's Zone,Ice Cream,0.235,Beverages & Refreshments,Market 1,Province 1,IC2016-05-0618,North,Rural,IC,1,1,Area 1,1,Reg 1,Route 1,Territory 1,Manager 8,8,(blank),Hypermarket,Yes,3,0,0,0,MT,6P
Banner 1,1,47,Hypermarket,City 1,1,Indonesia,Customer 1,1,Global,2016-04-06,7,Manager 7,7,Manager 7,7,Channel 1,1,Outlet 1,Hair,Market 1,Local Subchannel 18,18,7,1,0.744,0.282,19,Gifting,Hair,0.015,HPC,Market 1,Province 1,IC2016-04-0619,North,Urban,IC,1,1,Area 1,1,Reg 1,Route 1,Territory 1,Manager 9,9,(blank),Hypermarket,Yes,5,0,0,0,MT,6P
Banner 1,1,59,Hypermarket,City 1,1,Indonesia,Customer 1,1,Global,2016-03-06,7,Manager 7,7,Manager 7,7,Channel 1,1,Outlet 1,Ice Cream,Market 1,Local Subchannel 50,50,7,1,0.446,0.655,20,Men's Zone,Ice Cream,0.967,Beverages & Refreshments,Market 1,Province 1,HPC&F2016-03-0620,North,Rural,HPC&F,1,1,Area 1,1,Reg 1,Route 1,Territory 1,Manager 10,10,(blank),Hypermarket,Yes,1,0,0,0,MT,6P
Banner 1,1,26,Hypermarket,City 1,1,Indonesia,Customer 1,1,Global,2016-12-06,7,Manager 7,7,Manager 7,7,Channel 1,1,Outlet 1,Ice Cream,Market 2,Local Subchannel 37,37,7,1,0.643,0.781,21,Men's Zone,Ice Cream,0.919,Beverages & Refreshments,Market 2,Province 1,IC2016-12-0621,North,Rural,IC,1,1,Area 1,1,Reg 1,Route 1,Territory 1,Manager 7,7,(blank),Hypermarket,Yes,3,0,0,0,MT,6P
Banner 1,1,55,Hypermarket,City 1,1,Indonesia,Customer 1,1,Global,2016-11-06,8,Manager 8,8,Manager 8,8,Channel 1,1,Outlet 1,Hair,Market 2,Local Subchannel 10,10,8,1,0.659,0.479,22,Gifting,Hair,0.611,HPC,Market 2,Province 1,HPC&F2016-11-0622,North,Urban,HPC&F,1,1,Area 1,1,Reg 1,Route 1,Territory 1,Manager 8,8,(blank),Hypermarket,Yes,5,0,0,0,MT,6P
Banner 1,1,10,Hypermarket,City 1,1,Indonesia,Customer 1,1,Global,2016-10-06,8,Manager 8,8,Manager 8,8,Channel 1,1,Outlet 1,Ice Cream,Market 2,Local Subchannel 3,3,8,1,0.511,0.387,23,Men's Zone,Ice Cream,0.255,Beverages & Refreshments,Market 2,Province 1,HPC&F2016-10-0623,North,Urban,HPC&F,1,1,Area 1,1,Reg 1,Route 1,Territory 1,Manager 8,8,(blank),Hypermarket,Yes,1,0,0,0,MT,6P
Banner 1,1,3,Hypermarket,City 1,1,Indonesia,Customer 1,1,Global,2016-09-06,8,Manager 8,8,Manager 8,8,Channel 1,1,Outlet 1,Ice Cream,Market 2,Local Subchannel 15,15,8,1,0.539,0.332,24,Men's Zone,Ice Cream,0.521,Beverages & Refreshments,Market 2,Province 1,IC2016-09-0624,North,Urban,IC,1,1,Area 1,1,Reg 1,Route 1,Territory 1,Manager 8,8,(blank),Hypermarket,Yes,3,0,0,0,MT,6P
Banner 1,1,47,Hypermarket,City 1,1,Indonesia,Customer 1,1,Global,2016-08-06,1,Manager 1,1,Manager 1,1,Channel 1,1,Outlet 1,Hair,Market 2,Local Subchannel 47,47,1,1,0.441,0.987,25,Men's Zone,Hair,0.575,HPC,Market 2,Province 1,IC2016-08-0625,North,Rural,IC,1,1,Area 1,1,Reg 1,Route 1,Territory 1,Manager 1,1,(blank),Hypermarket,Yes,5,0,0,0,MT,6P
Banner 1,1,29,Hypermarket,City 1,1,Indonesia,Customer 1,1,Global,2016-07-06,1,Manager 1,1,Manager 1,1,Channel 1,1,Outlet 1,Ice Cream,Market 2,Local Subchannel 4,4,1,1,0.723,0.054,26,Men's Zone,Ice Cream,0.692,Beverages & Refreshments,Market 2,Province 1,IC2016-07-0626,North,Urban,IC,1,1,Area 1,1,Reg 1,Route 1,Territory 1,Manager 1,1,(blank),Hypermarket,Yes,1,0,0,0,MT,6P
Banner 1,1,60,Hypermarket,City 1,1,Indonesia,Customer 1,1,Global,2016-06-06,1,Manager 1,1,Manager 1,1,Channel 1,1,Outlet 1,Ice Cream,Market 3,Local Subchannel 59,59,1,1,0.58,0.659,27,Men's Zone,Ice Cream,0.728,Beverages & Refreshments,Market 3,Province 1,IC2016-06-0627,North,Rural,IC,1,1,Area 1,1,Reg 1,Route 1,Territory 1,Manager 1,1,(blank),Hypermarket,Yes,3,0,0,0,MT,6P
Banner 1,1,28,Hypermarket,City 1,1,Indonesia,Customer 1,1,Global,2016-05-06,2,Manager 2,2,Manager 2,2,Channel 1,1,Outlet 1,Hair,Market 3,Local Subchannel 47,47,2,1,0.052,0.179,28,Gifting,Hair,0.465,HPC,Market 3,Province 1,HPC&F2016-05-0628,North,Urban,HPC&F,1,1,Area 1,1,Reg 1,Route 1,Territory 1,Manager 2,2,(blank),Hypermarket,Yes,5,0,0,0,MT,6P
Banner 1,1,13,Hypermarket,City 1,1,Indonesia,Customer 1,1,Global,2016-04-06,2,Manager 2,2,Manager 2,2,Channel 1,1,Outlet 1,Ice Cream,Market 3,Local Subchannel 43,43,2,1,0.319,0.256,29,Gifting,Ice Cream,0.048,Beverages & Refreshments,Market 3,Province 1,IC2016-04-0629,North,Urban,IC,1,1,Area 1,1,Reg 1,Route 1,Territory 1,Manager 2,2,(blank),Hypermarket,Yes,1,0,0,0,MT,6P
Banner 1,1,7,Hypermarket,City 1,1,Indonesia,Customer 1,1,Global,2016-03-06,2,Manager 2,2,Manager 2,2,Channel 1,1,Outlet 1,Ice Cream,Market 3,Local Subchannel 14,14,2,1,0.602,0.332,30,Gifting,Ice Cream,0.873,Beverages & Refreshments,Market 3,Province 1,IC2016-03-0630,North,Rural,IC,1,1,Area 1,1,Reg 1,Route 1,Territory 1,Manager 2,2,(blank),Hypermarket,Yes,3,0,0,0,MT,6P
Banner 1,1,35,Hypermarket,City 1,1,Indonesia,Customer 1,1,Global,2016-12-06,3,Manager 3,3,Manager 3,3,Channel 1,1,Outlet 1,Hair,Market 3,Local Subchannel 7,7,3,1,0.727,0.016,31,Men's Zone,Hair,0.091,HPC,Market 3,Province 1,HPC&F2016-12-0631,North,Urban,HPC&F,1,1,Area 1,1,Reg 1,Route 1,Territory 1,Manager 3,3,(blank),Hypermarket,Yes,5,0,0,0,MT,6P
Banner 1,1,46,Hypermarket,City 1,1,Indonesia,Customer 1,1,Global,2016-11-06,1,Manager 3,3,Manager 1,1,Channel 1,1,Outlet 1,Ice Cream,Market 3,Local Subchannel 36,36,1,1,0.81,0.961,32,Men's Zone,Ice Cream,0.661,Beverages & Refreshments,Market 3,Province 1,IC2016-11-0632,North,Urban,IC,1,1,Area 1,1,Reg 1,Route 1,Territory 1,Manager 3,3,(blank),Hypermarket,Yes,1,0,0,0,MT,6P
Banner 1,1,44,Hypermarket,City 1,1,Indonesia,Customer 1,1,Global,2016-10-06,2,Manager 3,3,Manager 2,2,Channel 1,1,Outlet 1,Ice Cream,Market 4,Local Subchannel 29,29,2,1,0.806,0.857,33,Gifting,Ice Cream,0.608,Beverages & Refreshments,Market 4,Province 1,HPC&F2016-10-0633,North,Rural,HPC&F,1,1,Area 1,1,Reg 1,Route 1,Territory 1,Manager 3,3,(blank),Hypermarket,Yes,3,0,0,0,MT,6P
Banner 10,10,10,Discounters,City 1,1,Indonesia,Customer 10,10,Global,2016-09-06,3,Manager 4,4,Manager 3,3,Channel 1,1,Outlet 10,Hair,Market 4,Local Subchannel 3,3,3,1,0.884,0.888,34,Men's Zone,Hair,0.047,HPC,Market 4,Province 1,IC2016-09-0634,North,Urban,IC,1,1,Area 1,1,Reg 1,Route 1,Territory 1,Manager 4,4,(blank),Discounters,Yes,5,0,0,0,MT,6P
Banner 10,10,52,Discounters,City 1,1,Indonesia,Customer 10,10,Global,2016-08-06,4,Manager 4,4,Manager 4,4,Channel 1,1,Outlet 10,Ice Cream,Market 4,Local Subchannel 25,25,4,1,0.069,0.985,35,Men's Zone,Ice Cream,0.399,Beverages & Refreshments,Market 4,Province 1,IC2016-08-0635,North,Rural,IC,1,1,Area 1,1,Reg 1,Route 1,Territory 1,Manager 4,4,(blank),Discounters,Yes,1,0,0,0,MT,6P
Banner 10,10,57,Discounters,City 1,1,Indonesia,Customer 10,10,Global,2016-07-06,5,Manager 4,4,Manager 5,5,Channel 1,1,Outlet 10,Ice Cream,Market 4,Local Subchannel 3,3,5,1,0.618,0.014,36,Men's Zone,Ice Cream,0.099,Beverages & Refreshments,Market 4,Province 1,IC2016-07-0636,North,Rural,IC,1,1,Area 1,1,Reg 1,Route 1,Territory 1,Manager 4,4,(blank),Discounters,Yes,3,0,0,0,MT,6P
Banner 10,10,17,Discounters,City 1,1,Indonesia,Customer 10,10,Global,2016-06-06,6,Manager 5,5,Manager 6,6,Channel 1,1,Outlet 10,Hair,Market 4,Local Subchannel 42,42,6,1,0.093,0.606,37,Men's Zone,Hair,0.511,HPC,Market 4,Province 1,HPC&F2016-06-0637,North,Rural,HPC&F,1,1,Area 1,1,Reg 1,Route 1,Territory 1,Manager 5,5,(blank),Discounters,Yes,5,0,0,0,MT,6P
Banner 10,10,42,Discounters,City 1,1,Indonesia,Customer 10,10,Global,2016-05-06,7,Manager 5,5,Manager 7,7,Channel 1,1,Outlet 10,Ice Cream,Market 4,Local Subchannel 55,55,7,1,0.415,0.756,38,Men's Zone,Ice Cream,0.046,Beverages & Refreshments,Market 4,Province 1,HPC&F2016-05-0638,North,Urban,HPC&F,1,1,Area 1,1,Reg 1,Route 1,Territory 1,Manager 5,5,(blank),Discounters,Yes,1,0,0,0,MT,6P
Banner 10,10,58,Discounters,City 1,1,Indonesia,Customer 10,10,Global,2016-04-06,8,Manager 5,5,Manager 8,8,Channel 1,1,Outlet 10,Ice Cream,Market 4,Local Subchannel 53,53,8,1,0.352,0.987,39,Gifting,Ice Cream,0.559,Beverages & Refreshments,Market 4,Province 1,IC2016-04-0639,North,Rural,IC,1,1,Area 1,1,Reg 1,Route 1,Territory 1,Manager 5,5,(blank),Discounters,Yes,3,0,0,0,MT,6P
Banner 10,10,28,Discounters,City 1,1,Indonesia,Customer 10,10,Global,2016-03-06,9,Manager 6,6,Manager 9,9,Channel 1,1,Outlet 10,Hair,Market 4,Local Subchannel 25,25,9,1,0.051,0.152,40,Men's Zone,Hair,0.748,HPC,Market 4,Province 1,HPC&F2016-03-0640,North,Urban,HPC&F,1,1,Area 1,1,Reg 1,Route 1,Territory 1,Manager 6,6,(blank),Discounters,Yes,5,0,0,0,MT,6P
Banner 10,10,10,Discounters,City 1,1,Indonesia,Customer 10,10,Global,2016-12-06,10,Manager 6,6,Manager 10,10,Channel 1,1,Outlet 10,Ice Cream,Market 4,Local Subchannel 18,18,10,1,0.342,0.305,41,Men's Zone,Ice Cream,0.719,Beverages & Refreshments,Market 4,Province 1,HPC&F2016-12-0641,North,Urban,HPC&F,1,1,Area 1,1,Reg 1,Route 1,Territory 1,Manager 6,6,(blank),Discounters,Yes,1,0,0,0,MT,6P
Banner 10,10,49,Discounters,City 1,1,Indonesia,Customer 10,10,Global,2016-11-06,6,Manager 6,6,Manager 6,6,Channel 1,1,Outlet 10,Ice Cream,Market 5,Local Subchannel 58,58,6,1,0.111,0.192,42,Gifting,Ice Cream,0.818,Beverages & Refreshments,Market 5,Province 1,IC2016-11-0642,North,Urban,IC,1,1,Area 1,1,Reg 1,Route 1,Territory 1,Manager 6,6,(blank),Discounters,Yes,3,0,0,0,MT,6P
Banner 10,10,57,Discounters,City 1,1,Indonesia,Customer 10,10,Global,2016-10-06,7,Manager 7,7,Manager 7,7,Channel 1,1,Outlet 10,Hair,Market 5,Local Subchannel 3,3,7,0,0.972,0.976,43,Men's Zone,Hair,0.779,HPC,Market 5,Province 1,IC2016-10-0643,North,Rural,IC,1,1,Area 1,1,Reg 1,Route 1,Territory 1,Manager 7,7,(blank),Discounters,Yes,5,0,0,0,MT,6P
Banner 10,10,34,Discounters,City 1,1,Indonesia,Customer 10,10,Global,2016-09-06,7,Manager 7,7,Manager 7,7,Channel 1,1,Outlet 10,Ice Cream,Market 5,Local Subchannel 28,28,7,1,0.171,0.429,44,Gifting,Ice Cream,0.417,Beverages & Refreshments,Market 5,Province 1,IC2016-09-0644,North,Urban,IC,1,1,Area 1,1,Reg 1,Route 1,Territory 1,Manager 7,7,(blank),Discounters,Yes,1,0,0,0,MT,6P
Banner 10,10,17,Discounters,City 1,1,Indonesia,Customer 10,10,Global,2016-08-06,7,Manager 7,7,Manager 7,7,Channel 1,1,Outlet 10,Ice Cream,Market 5,Local Subchannel 20,20,7,0,0.5,0.408,45,Gifting,Ice Cream,0.212,Beverages & Refreshments,Market 5,Province 1,IC2016-08-0645,North,Urban,IC,1,1,Area 1,1,Reg 1,Route 1,Territory 1,Manager 7,7,(blank),Discounters,Yes,3,0,0,0,MT,6P
Banner 10,10,17,Discounters,City 1,1,Indonesia,Customer 10,10,Global,2016-07-06,8,Manager 8,8,Manager 8,8,Channel 1,1,Outlet 10,Hair,Market 5,Local Subchannel 15,15,8,1,0.555,0.272,46,Men's Zone,Hair,0.896,HPC,Market 5,Province 1,IC2016-07-0646,North,Rural,IC,1,1,Area 1,1,Reg 1,Route 1,Territory 1,Manager 8,8,(blank),Discounters,Yes,5,0,0,0,MT,6P
Banner 10,10,33,Discounters,City 1,1,Indonesia,Customer 10,10,Global,2016-06-06,8,Manager 8,8,Manager 8,8,Channel 1,1,Outlet 10,Ice Cream,Market 5,Local Subchannel 27,27,8,1,0.749,0.346,47,Men's Zone,Ice Cream,0.92,Beverages & Refreshments,Market 5,Province 1,HPC&F2016-06-0647,North,Urban,HPC&F,1,1,Area 1,1,Reg 1,Route 1,Territory 1,Manager 8,8,(blank),Discounters,Yes,1,0,0,0,MT,6P
Banner 10,10,32,Discounters,City 1,1,Indonesia,Customer 10,10,Global,2016-05-06,8,Manager 8,8,Manager 8,8,Channel 1,1,Outlet 10,Ice Cream,Market 5,Local Subchannel 41,41,8,1,0.402,0.917,48,Men's Zone,Ice Cream,0.7,Beverages & Refreshments,Market 5,Province 1,HPC&F2016-05-0648,North,Urban,HPC&F,1,1,Area 1,1,Reg 1,Route 1,Territory 1,Manager 8,8,(blank),Discounters,Yes,3,0,0,0,MT,6P
Banner 10,10,21,Discounters,City 1,1,Indonesia,Customer 10,10,Global,2016-04-06,1,Manager 1,1,Manager 1,1,Channel 1,1,Outlet 10,Hair,Market 5,Local Subchannel 56,56,1,1,0.725,0.399,49,Gifting,Hair,0.473,HPC,Market 5,Province 1,HPC&F2016-04-0649,North,Rural,HPC&F,1,1,Area 1,1,Reg 1,Route 1,Territory 1,Manager 1,1,(blank),Discounters,Yes,5,0,0,0,MT,6P
Banner 10,10,22,Discounters,City 1,1,Indonesia,Customer 10,10,Global,2016-03-06,1,Manager 1,1,Manager 1,1,Channel 1,1,Outlet 10,Ice Cream,Market 5,Local Subchannel 52,52,1,1,0.183,0.317,50,Gifting,Ice Cream,0.639,Beverages & Refreshments,Market 5,Province 1,HPC&F2016-03-0650,North,Rural,HPC&F,1,1,Area 1,1,Reg 1,Route 1,Territory 1,Manager 1,1,(blank),Discounters,Yes,1,0,0,0,MT,6P
Banner 10,10,41,Discounters,City 1,1,Indonesia,Customer 10,10,Global,2016-12-06,1,Manager 1,1,Manager 1,1,Channel 1,1,Outlet 10,Ice Cream,Market 6,Local Subchannel 55,55,1,0,0.855,0.531,51,Men's Zone,Ice Cream,0.747,Beverages & Refreshments,Market 6,Province 1,HPC&F2016-12-0651,North,Rural,HPC&F,1,1,Area 1,1,Reg 1,Route 1,Territory 1,Manager 1,1,(blank),Discounters,Yes,3,0,0,0,MT,6P
Banner 10,10,16,Discounters,City 1,1,Indonesia,Customer 10,10,Global,2016-11-06,2,Manager 2,2,Manager 2,2,Channel 1,1,Outlet 10,Hair,Market 6,Local Subchannel 26,26,2,1,0.427,0.018,52,Gifting,Hair,0.488,HPC,Market 6,Province 1,IC2016-11-0652,North,Urban,IC,1,1,Area 1,1,Reg 1,Route 1,Territory 1,Manager 2,2,(blank),Discounters,Yes,5,0,0,0,MT,6P
Banner 10,10,3,Discounters,City 1,1,Indonesia,Customer 10,10,Global,2016-10-06,2,Manager 2,2,Manager 2,2,Channel 1,1,Outlet 10,Ice Cream,Market 6,Local Subchannel 43,43,2,1,0.289,0.333,53,Men's Zone,Ice Cream,0.49,Beverages & Refreshments,Market 6,Province 1,HPC&F2016-10-0653,North,Urban,HPC&F,1,1,Area 1,1,Reg 1,Route 1,Territory 1,Manager 2,2,(blank),Discounters,Yes,1,0,0,0,MT,6P
Banner 10,10,14,Discounters,City 1,1,Indonesia,Customer 10,10,Global,2016-09-06,2,Manager 2,2,Manager 2,2,Channel 1,1,Outlet 10,Ice Cream,Market 6,Local Subchannel 9,9,2,1,0.962,0.147,54,Gifting,Ice Cream,0.255,Beverages & Refreshments,Market 6,Province 1,IC2016-09-0654,North,Urban,IC,1,1,Area 1,1,Reg 1,Route 1,Territory 1,Manager 2,2,(blank),Discounters,Yes,3,0,0,0,MT,6P
Banner 10,10,59,Discounters,City 1,1,Indonesia,Customer 10,10,Global,2016-08-06,3,Manager 3,3,Manager 3,3,Channel 1,1,Outlet 10,Hair,Market 6,Local Subchannel 32,32,3,1,0.345,0.413,55,Gifting,Hair,0.843,HPC,Market 6,Province 1,HPC&F2016-08-0655,North,Urban,HPC&F,1,1,Area 1,1,Reg 1,Route 1,Territory 1,Manager 3,3,(blank),Discounters,Yes,5,0,0,0,MT,6P
Banner 10,10,60,Discounters,City 1,1,Indonesia,Customer 10,10,Global,2016-07-06,3,Manager 3,3,Manager 3,3,Channel 1,1,Outlet 10,Ice Cream,Market 6,Local Subchannel 47,47,3,1,0.522,0.823,56,Gifting,Ice Cream,0.357,Beverages & Refreshments,Market 6,Province 1,HPC&F2016-07-0656,North,Urban,HPC&F,1,1,Area 1,1,Reg 1,Route 1,Territory 1,Manager 3,3,(blank),Discounters,Yes,1,0,0,0,MT,6P
Banner 10,10,1,Discounters,City 1,1,Indonesia,Customer 10,10,Global,2016-06-06,3,Manager 3,3,Manager 3,3,Channel 1,1,Outlet 10,Ice Cream,Market 6,Local Subchannel 23,23,3,0,0.756,0.091,57,Gifting,Ice Cream,0.685,Beverages & Refreshments,Market 6,Province 1,HPC&F2016-06-0657,North,Urban,HPC&F,1,1,Area 1,1,Reg 1,Route 1,Territory 1,Manager 3,3,(blank),Discounters,Yes,3,0,0,0,MT,6P
Banner 10,10,25,Discounters,City 1,1,Indonesia,Customer 10,10,Global,2016-05-06,4,Manager 4,4,Manager 4,4,Channel 10,10,Outlet 10,Hair,Market 6,Local Subchannel 34,34,4,0,0.049,0.714,58,Gifting,Hair,0.352,HPC,Market 6,Province 1,HPC&F2016-05-0658,North,Rural,HPC&F,1,1,Area 1,1,Reg 1,Route 1,Territory 1,Manager 4,4,(blank),Discounters,Yes,5,0,0,0,MT,6P
Banner 10,10,54,Discounters,City 1,1,Indonesia,Customer 10,10,Global,2016-04-06,4,Manager 4,4,Manager 4,4,Channel 10,10,Outlet 10,Ice Cream,Market 6,Local Subchannel 57,57,4,1,0.743,0.875,59,Gifting,Ice Cream,0.044,Beverages & Refreshments,Market 6,Province 1,IC2016-04-0659,North,Urban,IC,1,1,Area 1,1,Reg 1,Route 1,Territory 1,Manager 4,4,(blank),Discounters,Yes,1,0,0,0,MT,6P
Banner 10,10,18,Discounters,City 1,1,Indonesia,Customer 10,10,Global,2016-03-06,4,Manager 4,4,Manager 4,4,Channel 10,10,Outlet 10,Ice Cream,Market 6,Local Subchannel 2,2,4,0,0.097,0.166,60,Men's Zone,Ice Cream,0.992,Beverages & Refreshments,Market 6,Province 1,HPC&F2016-03-0660,North,Urban,HPC&F,1,1,Area 1,1,Reg 1,Route 1,Territory 1,Manager 4,4,(blank),Discounters,Yes,3,0,0,0,MT,6P
Banner 10,10,52,Discounters,City 1,1,Indonesia,Customer 10,10,Global,2016-12-06,5,Manager 5,5,Manager 5,5,Channel 10,10,Outlet 10,Hair,Market 6,Local Subchannel 27,27,5,1,0.756,0.327,61,Gifting,Hair,0.28,HPC,Market 6,Province 1,HPC&F2016-12-0661,North,Urban,HPC&F,1,1,Area 1,1,Reg 1,Route 1,Territory 1,Manager 5,5,(blank),Discounters,Yes,5,0,0,0,MT,6P
Banner 10,10,36,Discounters,City 1,1,Indonesia,Customer 10,10,Global,2016-11-06,5,Manager 5,5,Manager 5,5,Channel 10,10,Outlet 10,Ice Cream,Market 6,Local Subchannel 18,18,5,1,0.029,0.282,62,Men's Zone,Ice Cream,0.544,Beverages & Refreshments,Market 6,Province 1,IC2016-11-0662,North,Urban,IC,1,1,Area 1,1,Reg 1,Route 1,Territory 1,Manager 5,5,(blank),Discounters,Yes,1,0,0,0,MT,6P
Banner 10,10,2,Discounters,City 1,1,Indonesia,Customer 10,10,Global,2016-10-06,1,Manager 5,5,Manager 1,1,Channel 10,10,Outlet 10,Ice Cream,Market 1,Local Subchannel 10,10,1,1,0.41,0.898,63,Gifting,Ice Cream,0.945,Beverages & Refreshments,Market 1,Province 1,HPC&F2016-10-0663,North,Urban,HPC&F,1,1,Area 1,1,Reg 1,Route 1,Territory 1,Manager 5,5,(blank),Discounters,Yes,3,0,0,0,MT,6P
Banner 10,10,34,Discounters,City 1,1,Indonesia,Customer 10,10,Global,2016-09-06,2,Manager 6,6,Manager 2,2,Channel 10,10,Outlet 10,Hair,Market 1,Local Subchannel 35,35,2,1,0.654,0.045,64,Men's Zone,Hair,0.447,HPC,Market 1,Province 1,IC2016-09-0664,North,Rural,IC,1,1,Area 1,1,Reg 1,Route 1,Territory 1,Manager 6,6,(blank),Discounters,Yes,5,0,0,0,MT,6P
Banner 10,10,18,Discounters,City 1,1,Indonesia,Customer 10,10,Global,2016-08-06,3,Manager 6,6,Manager 3,3,Channel 10,10,Outlet 10,Ice Cream,Market 1,Local Subchannel 18,18,3,0,0.689,0.383,65,Gifting,Ice Cream,0.378,Beverages & Refreshments,Market 1,Province 1,IC2016-08-0665,North,Rural,IC,1,1,Area 1,1,Reg 1,Route 1,Territory 1,Manager 6,6,(blank),Discounters,Yes,1,0,0,0,MT,6P
Banner 10,10,35,Discounters,City 1,1,Indonesia,Customer 10,10,Global,2016-07-06,4,Manager 6,6,Manager 4,4,Channel 10,10,Outlet 10,Ice Cream,Market 1,Local Subchannel 7,7,4,1,0.335,0.473,66,Men's Zone,Ice Cream,0.216,Beverages & Refreshments,Market 1,Province 1,IC2016-07-0666,North,Rural,IC,1,1,Area 1,1,Reg 1,Route 1,Territory 1,Manager 6,6,(blank),Discounters,Yes,3,0,0,0,MT,6P
Banner 10,10,54,Discounters,City 1,1,Indonesia,Customer 10,10,Global,2016-06-06,5,Manager 7,7,Manager 5,5,Channel 10,10,Outlet 10,Hair,Market 1,Local Subchannel 60,60,5,1,0.601,0.559,67,Gifting,Hair,0.727,HPC,Market 1,Province 1,HPC&F2016-06-0667,North,Rural,HPC&F,1,1,Area 1,1,Reg 1,Route 1,Territory 1,Manager 7,7,(blank),Discounters,Yes,5,0,0,0,MT,6P
Banner 10,10,22,Discounters,City 1,1,Indonesia,Customer 10,10,Global,2016-05-06,6,Manager 7,7,Manager 6,6,Channel 10,10,Outlet 10,Ice Cream,Market 1,Local Subchannel 1,1,6,1,0.098,0.386,68,Men's Zone,Ice Cream,0.471,Beverages & Refreshments,Market 1,Province 1,HPC&F2016-05-0668,North,Rural,HPC&F,1,1,Area 1,1,Reg 1,Route 1,Territory 1,Manager 7,7,(blank),Discounters,Yes,1,0,0,0,MT,6P
Banner 10,10,30,Discounters,City 1,1,Indonesia,Customer 10,10,Global,2016-04-06,7,Manager 7,7,Manager 7,7,Channel 10,10,Outlet 10,Ice Cream,Market 1,Local Subchannel 58,58,7,1,0.228,0.365,69,Gifting,Ice Cream,0.258,Beverages & Refreshments,Market 1,Province 1,IC2016-04-0669,North,Urban,IC,1,1,Area 1,1,Reg 1,Route 1,Territory 1,Manager 7,7,(blank),Discounters,Yes,3,0,0,0,MT,6P
Banner 13,13,35,Club,City 1,1,Indonesia,Customer 13,13,Global,2016-03-06,8,Manager 8,8,Manager 8,8,Channel 10,10,Outlet 13,Hair,Market 1,Local Subchannel 39,39,8,1,0.621,0.616,70,Men's Zone,Hair,0.419,HPC,Market 1,Province 1,IC2016-03-0670,North,Urban,IC,1,1,Area 1,1,Reg 1,Route 1,Territory 1,Manager 8,8,(blank),Club,Yes,5,0,0,0,MT,6P
Banner 13,13,15,Club,City 1,1,Indonesia,Customer 13,13,Global,2016-12-06,9,Manager 8,8,Manager 9,9,Channel 10,10,Outlet 13,Ice Cream,Market 1,Local Subchannel 20,20,9,1,0.421,0.145,71,Men's Zone,Ice Cream,0.792,Beverages & Refreshments,Market 1,Province 1,IC2016-12-0671,North,Urban,IC,1,1,Area 1,1,Reg 1,Route 1,Territory 1,Manager 8,8,(blank),Club,Yes,1,0,0,0,MT,6P
Banner 13,13,10,Club,City 1,1,Indonesia,Customer 13,13,Global,2016-11-06,10,Manager 8,8,Manager 10,10,Channel 10,10,Outlet 13,Ice Cream,Market 1,Local Subchannel 4,4,10,1,0.079,0.392,72,Gifting,Ice Cream,0.135,Beverages & Refreshments,Market 1,Province 1,HPC&F2016-11-0672,North,Urban,HPC&F,1,1,Area 1,1,Reg 1,Route 1,Territory 1,Manager 8,8,(blank),Club,Yes,3,0,0,0,MT,6P
Banner 13,13,49,Club,City 1,1,Indonesia,Customer 13,13,Global,2016-10-06,1,Manager 1,1,Manager 1,1,Channel 10,10,Outlet 13,Hair,Market 1,Local Subchannel 4,4,1,1,0.047,0.582,73,Gifting,Hair,0.673,HPC,Market 1,Province 1,HPC&F2016-10-0673,North,Rural,HPC&F,1,1,Area 1,1,Reg 1,Route 1,Territory 1,Manager 1,1,(blank),Club,Yes,5,0,0,0,MT,6P
Banner 13,13,12,Club,City 1,1,Indonesia,Customer 13,13,Global,2016-09-06,1,Manager 1,1,Manager 1,1,Channel 10,10,Outlet 13,Ice Cream,Market 1,Local Subchannel 2,2,1,1,0.488,0.219,74,Gifting,Ice Cream,0.002,Beverages & Refreshments,Market 1,Province 1,HPC&F2016-09-0674,North,Urban,HPC&F,1,1,Area 1,1,Reg 1,Route 1,Territory 1,Manager 1,1,(blank),Club,Yes,1,0,0,0,MT,6P
Banner 13,13,11,Club,City 1,1,Indonesia,Customer 13,13,Global,2016-08-06,1,Manager 1,1,Manager 1,1,Channel 10,10,Outlet 13,Ice Cream,Market 1,Local Subchannel 27,27,1,0,0.461,0.628,75,Gifting,Ice Cream,0.36,Beverages & Refreshments,Market 1,Province 1,HPC&F2016-08-0675,North,Urban,HPC&F,1,1,Area 1,1,Reg 1,Route 1,Territory 1,Manager 2,2,(blank),Club,Yes,3,0,0,0,MT,6P
Banner 13,13,6,Club,City 1,1,Indonesia,Customer 13,13,Global,2016-07-06,2,Manager 2,2,Manager 2,2,Channel 10,10,Outlet 13,Hair,Market 1,Local Subchannel 9,9,2,0,0.601,0.289,76,Gifting,Hair,0.448,HPC,Market 1,Province 1,HPC&F2016-07-0676,North,Urban,HPC&F,1,1,Area 1,1,Reg 1,Route 1,Territory 1,Manager 3,3,(blank),Club,Yes,5,0,0,0,MT,6P
Banner 13,13,54,Club,City 1,1,Indonesia,Customer 13,13,Global,2016-06-06,2,Manager 2,2,Manager 2,2,Channel 10,10,Outlet 13,Ice Cream,Market 1,Local Subchannel 28,28,2,1,0.618,0.12,77,Gifting,Ice Cream,0.536,Beverages & Refreshments,Market 1,Province 1,HPC&F2016-06-0677,North,Urban,HPC&F,1,1,Area 1,1,Reg 1,Route 1,Territory 1,Manager 4,4,(blank),Club,Yes,1,0,0,0,MT,6P
Banner 13,13,21,Club,City 1,1,Indonesia,Customer 13,13,Global,2016-05-06,2,Manager 2,2,Manager 2,2,Channel 10,10,Outlet 13,Ice Cream,Market 1,Local Subchannel 16,16,2,1,0.589,0.422,78,Gifting,Ice Cream,0.251,Beverages & Refreshments,Market 1,Province 1,HPC&F2016-05-0678,North,Rural,HPC&F,1,1,Area 1,1,Reg 1,Route 1,Territory 1,Manager 5,5,(blank),Club,Yes,3,0,0,0,MT,6P
Banner 13,13,40,Club,City 1,1,Indonesia,Customer 13,13,Global,2016-04-06,3,Manager 3,3,Manager 3,3,Channel 10,10,Outlet 13,Hair,Market 1,Local Subchannel 16,16,3,0,0.114,0.197,79,Gifting,Hair,0.647,HPC,Market 1,Province 1,HPC&F2016-04-0679,North,Urban,HPC&F,1,1,Area 1,1,Reg 1,Route 1,Territory 1,Manager 6,6,(blank),Club,Yes,5,0,0,0,MT,6P
Banner 13,13,38,Club,City 1,1,Indonesia,Customer 13,13,Global,2016-03-06,3,Manager 3,3,Manager 3,3,Channel 10,10,Outlet 13,Ice Cream,Market 1,Local Subchannel 44,44,3,1,0.027,0.63,80,Gifting,Ice Cream,0.231,Beverages & Refreshments,Market 1,Province 1,IC2016-03-0680,North,Rural,IC,1,1,Area 1,1,Reg 1,Route 1,Territory 1,Manager 7,7,(blank),Club,Yes,1,0,0,0,MT,6P
Banner 13,13,24,Club,City 1,1,Indonesia,Customer 13,13,Global,2016-12-06,3,Manager 3,3,Manager 3,3,Channel 10,10,Outlet 13,Ice Cream,Market 1,Local Subchannel 17,17,3,1,0.573,0.775,81,Men's Zone,Ice Cream,0.249,Beverages & Refreshments,Market 1,Province 1,IC2016-12-0681,North,Rural,IC,1,1,Area 1,1,Reg 1,Route 1,Territory 1,Manager 8,8,(blank),Club,Yes,3,0,0,0,MT,6P
Banner 13,13,32,Club,City 1,1,Indonesia,Customer 13,13,Global,2016-11-06,4,Manager 4,4,Manager 4,4,Channel 10,10,Outlet 13,Hair,Market 1,Local Subchannel 57,57,4,1,0.442,0.832,82,Gifting,Hair,0.213,HPC,Market 1,Province 1,IC2016-11-0682,North,Urban,IC,1,1,Area 1,1,Reg 1,Route 1,Territory 1,Manager 9,9,(blank),Club,Yes,5,0,0,0,MT,6P
Banner 13,13,48,Club,City 1,1,Indonesia,Customer 13,13,Global,2016-10-06,4,Manager 4,4,Manager 4,4,Channel 10,10,Outlet 13,Ice Cream,Market 1,Local Subchannel 38,38,4,1,0.638,0.873,83,Gifting,Ice Cream,0.466,Beverages & Refreshments,Market 1,Province 1,IC2016-10-0683,North,Rural,IC,1,1,Area 1,1,Reg 1,Route 1,Territory 1,Manager 10,10,(blank),Club,Yes,1,0,0,0,MT,6P
Banner 13,13,37,Club,City 1,1,Indonesia,Customer 13,13,Global,2016-09-06,4,Manager 4,4,Manager 4,4,Channel 10,10,Outlet 13,Ice Cream,Market 2,Local Subchannel 22,22,4,1,0.575,0.738,84,Gifting,Ice Cream,0.53,Beverages & Refreshments,Market 2,Province 1,IC2016-09-0684,North,Urban,IC,1,1,Area 1,1,Reg 1,Route 1,Territory 1,Manager 4,4,(blank),Club,Yes,3,0,0,0,MT,6P
Banner 13,13,5,Club,City 1,1,Indonesia,Customer 13,13,Global,2016-08-06,5,Manager 5,5,Manager 5,5,Channel 10,10,Outlet 13,Hair,Market 2,Local Subchannel 46,46,5,1,0.357,0.901,85,Men's Zone,Hair,0.741,HPC,Market 2,Province 1,HPC&F2016-08-0685,North,Urban,HPC&F,1,1,Area 1,1,Reg 1,Route 1,Territory 1,Manager 5,5,(blank),Club,Yes,5,0,0,0,MT,6P
Banner 13,13,49,Club,City 1,1,Indonesia,Customer 13,13,Global,2016-07-06,5,Manager 5,5,Manager 5,5,Channel 10,10,Outlet 13,Ice Cream,Market 2,Local Subchannel 44,44,5,1,0.213,0.814,86,Men's Zone,Ice Cream,0.079,Beverages & Refreshments,Market 2,Province 1,IC2016-07-0686,North,Urban,IC,1,1,Area 1,1,Reg 1,Route 1,Territory 1,Manager 6,6,(blank),Club,Yes,1,0,0,0,MT,6P
Banner 13,13,29,Club,City 1,1,Indonesia,Customer 13,13,Global,2016-06-06,5,Manager 5,5,Manager 5,5,Channel 10,10,Outlet 13,Ice Cream,Market 2,Local Subchannel 16,16,5,1,0.754,0.733,87,Men's Zone,Ice Cream,0.33,Beverages & Refreshments,Market 2,Province 1,IC2016-06-0687,North,Urban,IC,1,1,Area 1,1,Reg 1,Route 1,Territory 1,Manager 7,7,(blank),Club,Yes,3,0,0,0,MT,6P
Banner 13,13,29,Club,City 1,1,Indonesia,Customer 13,13,Global,2016-05-06,6,Manager 6,6,Manager 6,6,Channel 10,10,Outlet 13,Hair,Market 2,Local Subchannel 9,9,6,1,0.708,0.338,88,Gifting,Hair,0.442,HPC,Market 2,Province 1,IC2016-05-0688,North,Rural,IC,1,1,Area 1,1,Reg 1,Route 1,Territory 1,Manager 5,5,(blank),Club,Yes,5,0,0,0,MT,6P
Banner 13,13,25,Club,City 1,1,Indonesia,Customer 13,13,Global,2016-04-06,6,Manager 6,6,Manager 6,6,Channel 10,10,Outlet 13,Ice Cream,Market 2,Local Subchannel 30,30,6,1,0.373,0.148,89,Gifting,Ice Cream,0.56,Beverages & Refreshments,Market 2,Province 1,IC2016-04-0689,North,Rural,IC,1,1,Area 1,1,Reg 1,Route 1,Territory 1,Manager 6,6,(blank),Club,Yes,1,0,0,0,MT,6P
Banner 13,13,5,Club,City 1,1,Indonesia,Customer 13,13,Global,2016-03-06,6,Manager 6,6,Manager 6,6,Channel 10,10,Outlet 13,Ice Cream,Market 3,Local Subchannel 34,34,6,1,0.965,0.339,90,Men's Zone,Ice Cream,0.343,Beverages & Refreshments,Market 3,Province 1,HPC&F2016-03-0690,North,Rural,HPC&F,1,1,Area 1,1,Reg 1,Route 1,Territory 1,Manager 7,7,(blank),Club,Yes,3,0,0,0,MT,6P
Banner 13,13,4,Club,City 1,1,Indonesia,Customer 13,13,Global,2016-12-06,7,Manager 7,7,Manager 7,7,Channel 10,10,Outlet 13,Hair,Market 3,Local Subchannel 18,18,7,1,0.821,0.62,91,Gifting,Hair,0.216,HPC,Market 3,Province 1,IC2016-12-0691,North,Rural,IC,1,1,Area 1,1,Reg 1,Route 1,Territory 1,Manager 8,8,(blank),Club,Yes,5,0,0,0,MT,6P
Banner 13,13,56,Club,City 1,1,Indonesia,Customer 13,13,Global,2016-11-06,7,Manager 7,7,Manager 7,7,Channel 10,10,Outlet 13,Ice Cream,Market 3,Local Subchannel 38,38,7,1,0.283,0.418,92,Gifting,Ice Cream,0.341,Beverages & Refreshments,Market 3,Province 1,IC2016-11-0692,North,Rural,IC,1,1,Area 1,1,Reg 1,Route 1,Territory 1,Manager 9,9,(blank),Club,Yes,1,0,0,0,MT,6P
Banner 13,13,20,Club,City 1,1,Indonesia,Customer 13,13,Global,2016-10-06,7,Manager 7,7,Manager 7,7,Channel 10,10,Outlet 13,Ice Cream,Market 3,Local Subchannel 28,28,7,0,0.334,0.446,93,Gifting,Ice Cream,0.044,Beverages & Refreshments,Market 3,Province 1,HPC&F2016-10-0693,North,Urban,HPC&F,1,1,Area 1,1,Reg 1,Route 1,Territory 1,Manager 10,10,(blank),Club,Yes,3,0,0,0,MT,6P
Banner 13,13,23,Club,City 1,1,Indonesia,Customer 13,13,Global,2016-09-06,8,Manager 8,8,Manager 8,8,Channel 10,10,Outlet 13,Hair,Market 3,Local Subchannel 26,26,8,1,0.898,0.956,94,Gifting,Hair,0.76,HPC,Market 3,Province 1,HPC&F2016-09-0694,North,Urban,HPC&F,1,1,Area 1,1,Reg 1,Route 1,Territory 1,Manager 8,8,(blank),Club,Yes,5,0,0,0,MT,6P
Banner 13,13,11,Club,City 1,1,Indonesia,Customer 13,13,Global,2016-08-06,8,Manager 8,8,Manager 8,8,Channel 10,10,Outlet 13,Ice Cream,Market 3,Local Subchannel 20,20,8,1,0.984,0.746,95,Gifting,Ice Cream,0.714,Beverages & Refreshments,Market 3,Province 1,IC2016-08-0695,North,Urban,IC,1,1,Area 1,1,Reg 1,Route 1,Territory 1,Manager 8,8,(blank),Club,Yes,1,0,0,0,MT,6P
Banner 13,13,5,Club,City 1,1,Indonesia,Customer 13,13,Global,2016-07-06,8,Manager 8,8,Manager 8,8,Channel 10,10,Outlet 13,Ice Cream,Market 4,Local Subchannel 17,17,8,1,0.758,0.121,96,Gifting,Ice Cream,0.13,Beverages & Refreshments,Market 4,Province 1,IC2016-07-0696,North,Rural,IC,1,1,Area 1,1,Reg 1,Route 1,Territory 1,Manager 8,8,(blank),Club,Yes,3,0,0,0,MT,6P
Banner 13,13,34,Club,City 1,1,Indonesia,Customer 13,13,Global,2016-06-06,1,Manager 1,1,Manager 1,1,Channel 10,10,Outlet 13,Hair,Market 4,Local Subchannel 52,52,1,1,0.888,0.321,97,Men's Zone,Hair,0.866,HPC,Market 4,Province 1,HPC&F2016-06-0697,North,Urban,HPC&F,1,1,Area 1,1,Reg 1,Route 1,Territory 1,Manager 1,1,(blank),Club,Yes,5,0,0,0,MT,6P
Banner 13,13,55,Club,City 1,1,Indonesia,Customer 13,13,Global,2016-05-06,1,Manager 1,1,Manager 1,1,Channel 10,10,Outlet 13,Ice Cream,Market 4,Local Subchannel 11,11,1,1,0.887,0.825,98,Gifting,Ice Cream,0.076,Beverages & Refreshments,Market 4,Province 1,IC2016-05-0698,North,Rural,IC,1,1,Area 1,1,Reg 1,Route 1,Territory 1,Manager 2,2,(blank),Club,Yes,1,0,0,0,MT,6P
Banner 13,13,13,Club,City 1,1,Indonesia,Customer 13,13,Global,2016-04-06,1,Manager 1,1,Manager 1,1,Channel 10,10,Outlet 13,Ice Cream,Market 4,Local Subchannel 35,35,1,1,0.922,0.099,99,Men's Zone,Ice Cream,0.777,Beverages & Refreshments,Market 4,Province 1,HPC&F2016-04-0699,North,Rural,HPC&F,1,1,Area 1,1,Reg 1,Route 1,Territory 1,Manager 3,3,(blank),Club,Yes,3,0,0,0,MT,6P
Banner 13,13,14,Club,City 1,1,Indonesia,Customer 13,13,Global,2016-03-06,2,Manager 2,2,Manager 2,2,Channel 10,10,Outlet 13,Hair,Market 4,Local Subchannel 4,4,2,1,0.763,0.728,100,Gifting,Hair,0.627,HPC,Market 4,Province 1,HPC&F2016-03-06100,North,Rural,HPC&F,1,1,Area 1,1,Reg 1,Route 1,Territory 1,Manager 4,4,(blank),Club,Yes,5,0,0,0,MT,6P
Banner 13,13,35,Club,City 1,1,Indonesia,Customer 13,13,Global,2016-12-06,2,Manager 2,2,Manager 2,2,Channel 10,10,Outlet 13,Ice Cream,Market 4,Local Subchannel 58,58,2,1,0.595,0.888,101,Gifting,Ice Cream,0.377,Beverages & Refreshments,Market 4,Province 1,HPC&F2016-12-06101,North,Rural,HPC&F,1,1,Area 1,1,Reg 1,Route 1,Territory 1,Manager 5,5,(blank),Club,Yes,1,0,0,0,MT,6P
