Answer,Banner,Banner_ID,Category_ID,Channel,City,City_ID,Commune,Country,Customer,Customer_ID,Customer_type,Date_of_audit,Division_ID,Field_Execution_Manager,Field_Sales_Manager,Local_Channel,Local_Channel_ID,Local_Outlet_Name,Local_Product_Category,Local_Product_Market,Local_Subchannel_ID,Market_ID,Outlet_ID,PS_Category,Product_Brand,Product_Category,Product_Division,Product_Market,Product_Sector,Province,Record_Id,Region,Rural_Urban,Sales_Org,Sales_area,Sales_region,Sales_route,Sales_territory,Store_Operations_Manager,Store_location,Subchannel,Top_Customer,Trade_Format,X4P_5P_6P
1,Banner 1,1,1,Hypermarket,City 1,1,Commune 1,Indonesia,Customer 1,1,Global,2016-07-23,1,Manager 1,Manager 1,Channel 1,1,Outlet 2,Skin Care,Market 1,1,1,124,Gifting,Brand 1,Skin Care,HPC,Market 1,Sector 1,Province 1,HPC&F2016-07-23124,North,Urban,HPC&F,Area 1,Reg 1,Route 1,Territory 1,Manager 2,Loc 1,Hypermarket,No,MT,6P
1,Banner 1,1,1,Hypermarket,City 1,1,Commune 1,Indonesia,Customer 1,1,Global,2016-06-23,1,Manager 1,Manager 1,Channel 1,1,Outlet 3,Skin Care,Market 1,1,1,125,Gifting,Brand 2,Skin Care,HPC,Market 1,Sector 1,Province 1,HPC&F2016-06-23125,North,Urban,HPC&F,Area 1,Reg 1,Route 1,Territory 1,Manager 3,Loc 1,Hypermarket,No,MT,6P
1,Banner 1,1,2,Hypermarket,City 1,1,Commune 1,Indonesia,Customer 1,1,Global,2016-09-23,2,Manager 2,Manager 2,Channel 1,1,Outlet 4,Skin Care,Market 1,1,1,126,Gifting,Brand 2,Skin Care,HPC,Market 1,Sector 1,Province 1,HPC&F2016-09-23126,North,Urban,HPC&F,Area 1,Reg 1,Route 1,Territory 1,Manager 4,Loc 1,Hypermarket,Yes,MT,6P
1,Banner 1,1,2,Hypermarket,City 1,1,Commune 1,Indonesia,Customer 1,1,Global,2016-10-23,2,Manager 2,Manager 2,Channel 1,1,Outlet 5,Skin Care,Market 1,1,1,127,Men's Zone,Brand 3,Hair,HPC,Market 1,Sector 2,Province 1,HPC&F2016-10-23127,North,Urban,HPC&F,Area 1,Reg 1,Route 1,Territory 1,Manager 5,Loc 1,Hypermarket,No,MT,6P
1,Banner 1,1,2,Hypermarket,City 1,1,Commune 1,Indonesia,Customer 1,1,Global,2016-11-23,2,Manager 2,Manager 2,Channel 1,1,Outlet 6,Skin Care,Market 1,1,1,128,Gifting,Brand 3,Hair,HPC,Market 1,Sector 2,Province 1,HPC&F2016-11-23128,North,Urban,HPC&F,Area 1,Reg 1,Route 1,Territory 1,Manager 6,Loc 1,Hypermarket,No,MT,6P
1,Banner 1,1,3,Hypermarket,City 1,1,Commune 1,Indonesia,Customer 1,1,Global,2016-08-23,3,Manager 3,Manager 3,Channel 1,1,Outlet 7,Skin Care,Market 2,1,2,129,Gifting,Brand 3,Hair,HPC,Market 2,Sector 3,Province 1,HPC&F2016-08-23129,North,Urban,HPC&F,Area 1,Reg 1,Route 1,Territory 1,Manager 7,Loc 1,Hypermarket,No,MT,6P
1,Banner 1,1,3,Hypermarket,City 1,1,Commune 1,Indonesia,Customer 1,1,Global,2016-07-23,3,Manager 3,Manager 3,Channel 1,1,Outlet 8,Skin Care,Market 2,1,2,130,Men's Zone,Brand 4,Hair,HPC,Market 2,Sector 4,Province 1,IC2016-07-23130,North,Urban,IC,Area 1,Reg 1,Route 1,Territory 1,Manager 8,Loc 1,Hypermarket,No,MT,6P
1,Banner 1,1,3,Hypermarket,City 1,1,Commune 1,Indonesia,Customer 1,1,Global,2016-06-23,3,Manager 3,Manager 3,Channel 1,1,Outlet 9,Hair,Market 3,1,3,131,Men's Zone,Brand 5,Skin Care,HPC,Market 3,Sector 5,Province 1,HPC&F2016-06-23131,North,Urban,HPC&F,Area 1,Reg 1,Route 1,Territory 1,Manager 9,Loc 1,Hypermarket,No,MT,6P
1,Banner 1,1,4,Hypermarket,City 1,1,Commune 1,Indonesia,Customer 1,1,Global,2016-09-23,4,Manager 4,Manager 4,Channel 1,1,Outlet 10,Hair,Market 3,1,3,132,Men's Zone,Brand 2,Skin Care,HPC,Market 3,Sector 6,Province 1,IC2016-09-23132,North,Urban,IC,Area 1,Reg 1,Route 1,Territory 1,Manager 10,Loc 1,Hypermarket,No,MT,6P
1,Banner 1,1,4,Hypermarket,City 1,1,Commune 1,Indonesia,Customer 1,1,Global,2016-10-23,4,Manager 4,Manager 4,Channel 1,1,Outlet 11,Hair,Market 4,1,4,133,Men's Zone,Brand 5,Skin Care,HPC,Market 4,Sector 6,Province 1,HPC&F2016-10-23133,North,Urban,HPC&F,Area 1,Reg 1,Route 1,Territory 1,Manager 4,Loc 1,Hypermarket,No,MT,6P
1,Banner 1,1,4,Hypermarket,City 1,1,Commune 1,Indonesia,Customer 1,1,Global,2016-11-23,4,Manager 4,Manager 4,Channel 1,1,Outlet 12,Hair,Market 4,1,4,134,Gifting,Brand 5,Skin Care,HPC,Market 4,Sector 6,Province 1,HPC&F2016-11-23134,North,Urban,HPC&F,Area 1,Reg 1,Route 1,Territory 1,Manager 5,Loc 1,Hypermarket,No,MT,6P
1,Banner 1,1,5,Hypermarket,City 1,1,Commune 1,Indonesia,Customer 1,1,Global,2016-08-23,5,Manager 5,Manager 5,Channel 1,1,Outlet 13,Hair,Market 4,1,4,135,Men's Zone,Brand 6,Hair,HPC,Market 4,Sector 7,Province 1,HPC&F2016-08-23135,North,Urban,HPC&F,Area 1,Reg 1,Route 1,Territory 1,Manager 6,Loc 1,Hypermarket,Yes,MT,6P
1,Banner 1,1,5,Hypermarket,City 1,1,Commune 1,Indonesia,Customer 1,1,Global,2016-07-23,5,Manager 5,Manager 5,Channel 1,1,Outlet 14,Ice Cream,Market 5,1,5,136,Gifting,Brand 7,Hair,HPC,Market 5,Sector 8,Province 1,HPC&F2016-07-23136,North,Urban,HPC&F,Area 1,Reg 1,Route 1,Territory 1,Manager 7,Loc 1,Hypermarket,No,MT,6P
1,Banner 1,1,5,Hypermarket,City 1,1,Commune 1,Indonesia,Customer 1,1,Global,2016-06-23,5,Manager 5,Manager 5,Channel 1,1,Outlet 15,Ice Cream,Market 5,1,5,137,Gifting,Brand 7,Hair,HPC,Market 5,Sector 8,Province 1,IC2016-06-23137,North,Urban,IC,Area 1,Reg 1,Route 1,Territory 1,Manager 5,Loc 1,Hypermarket,No,MT,6P
1,Banner 1,1,6,Hypermarket,City 1,1,Commune 1,Indonesia,Customer 1,1,Global,2016-09-23,6,Manager 6,Manager 6,Channel 1,1,Outlet 16,Ice Cream,Market 5,1,5,138,Gifting,Brand 8,Hair,HPC,Market 5,Sector 9,Province 1,HPC&F2016-09-23138,North,Urban,HPC&F,Area 1,Reg 1,Route 1,Territory 1,Manager 6,Loc 1,Hypermarket,Yes,MT,6P
1,Banner 1,1,6,Hypermarket,City 1,1,Commune 1,Indonesia,Customer 1,1,Global,2016-10-23,6,Manager 6,Manager 6,Channel 1,1,Outlet 17,Ice Cream,Market 6,1,6,139,Gifting,Brand 9,Skin Care,HPC,Market 6,Sector 10,Province 1,HPC&F2016-10-23139,North,Urban,HPC&F,Area 1,Reg 1,Route 1,Territory 1,Manager 7,Loc 1,Hypermarket,No,MT,6P
1,Banner 1,1,6,Hypermarket,City 1,1,Commune 1,Indonesia,Customer 1,1,Global,2016-11-23,6,Manager 6,Manager 6,Channel 1,1,Outlet 18,Ice Cream,Market 6,1,6,140,Men's Zone,Brand 10,Skin Care,HPC,Market 6,Sector 11,Province 1,IC2016-11-23140,North,Urban,IC,Area 1,Reg 1,Route 1,Territory 1,Manager 8,Loc 1,Hypermarket,No,MT,6P
1,Banner 1,1,7,Hypermarket,City 1,1,Commune 1,Indonesia,Customer 1,1,Global,2016-08-23,7,Manager 7,Manager 7,Channel 1,1,Outlet 19,Ice Cream,Market 6,1,6,141,Gifting,Brand 11,Skin Care,HPC,Market 6,Sector 11,Province 1,IC2016-08-23141,North,Urban,IC,Area 1,Reg 1,Route 1,Territory 1,Manager 9,Loc 1,Hypermarket,No,MT,6P
1,Banner 1,1,7,Hypermarket,City 1,1,Commune 1,Indonesia,Customer 1,1,Global,2016-07-23,7,Manager 7,Manager 7,Channel 1,1,Outlet 20,Ice Cream,Market 6,1,6,142,Men's Zone,Brand 11,Skin Care,HPC,Market 6,Sector 11,Province 1,HPC&F2016-07-23142,North,Urban,HPC&F,Area 1,Reg 1,Route 1,Territory 1,Manager 10,Loc 1,Hypermarket,No,MT,6P
1,Banner 1,1,7,Hypermarket,City 1,1,Commune 1,Indonesia,Customer 1,1,Global,2016-06-23,7,Manager 7,Manager 7,Channel 1,1,Outlet 21,Skin Care,Market 1,1,1,143,Men's Zone,Brand 1,Hair,HPC,Market 1,Sector 1,Province 1,IC2016-06-23143,North,Urban,IC,Area 1,Reg 1,Route 1,Territory 1,Manager 7,Loc 1,Hypermarket,No,MT,6P
1,Banner 1,1,8,Hypermarket,City 1,1,Commune 1,Indonesia,Customer 1,1,Global,2016-09-23,8,Manager 8,Manager 8,Channel 1,1,Outlet 22,Skin Care,Market 1,1,1,144,Gifting,Brand 1,Hair,HPC,Market 1,Sector 1,Province 1,HPC&F2016-09-23144,North,Urban,HPC&F,Area 1,Reg 1,Route 1,Territory 1,Manager 8,Loc 1,Hypermarket,No,MT,6P
1,Banner 1,1,8,Hypermarket,City 1,1,Commune 1,Indonesia,Customer 1,1,Global,2016-10-23,8,Manager 8,Manager 8,Channel 1,1,Outlet 23,Skin Care,Market 1,1,1,145,Men's Zone,Brand 1,Hair,HPC,Market 1,Sector 1,Province 1,HPC&F2016-10-23145,North,Urban,HPC&F,Area 1,Reg 1,Route 1,Territory 1,Manager 8,Loc 1,Hypermarket,No,MT,6P
1,Banner 1,1,8,Hypermarket,City 1,1,Commune 1,Indonesia,Customer 1,1,Global,2016-11-23,8,Manager 8,Manager 8,Channel 1,1,Outlet 24,Skin Care,Market 1,1,1,146,Men's Zone,Brand 2,Hair,HPC,Market 1,Sector 1,Province 1,IC2016-11-23146,North,Urban,IC,Area 1,Reg 1,Route 1,Territory 1,Manager 8,Loc 1,Hypermarket,No,MT,6P
1,Banner 1,1,1,Hypermarket,City 1,1,Commune 1,Indonesia,Customer 1,1,Global,2016-08-23,1,Manager 1,Manager 1,Channel 1,1,Outlet 25,Skin Care,Market 1,1,1,147,Men's Zone,Brand 2,Skin Care,HPC,Market 1,Sector 1,Province 1,IC2016-08-23147,North,Urban,IC,Area 1,Reg 1,Route 1,Territory 1,Manager 1,Loc 1,Hypermarket,No,MT,6P
1,Banner 1,1,1,Hypermarket,City 1,1,Commune 1,Indonesia,Customer 1,1,Global,2016-07-23,1,Manager 1,Manager 1,Channel 1,1,Outlet 26,Skin Care,Market 1,1,1,148,Men's Zone,Brand 3,Skin Care,HPC,Market 1,Sector 2,Province 1,IC2016-07-23148,North,Urban,IC,Area 1,Reg 1,Route 1,Territory 1,Manager 1,Loc 1,Hypermarket,No,MT,6P
1,Banner 1,1,1,Hypermarket,City 1,1,Commune 1,Indonesia,Customer 1,1,Global,2016-06-23,1,Manager 1,Manager 1,Channel 1,1,Outlet 27,Skin Care,Market 1,1,1,149,Men's Zone,Brand 3,Skin Care,HPC,Market 1,Sector 2,Province 1,IC2016-06-23149,North,Urban,IC,Area 1,Reg 1,Route 1,Territory 1,Manager 1,Loc 1,Hypermarket,No,MT,6P
1,Banner 1,1,2,Hypermarket,City 1,1,Commune 1,Indonesia,Customer 1,1,Global,2016-09-23,2,Manager 2,Manager 2,Channel 1,1,Outlet 28,Skin Care,Market 2,1,2,150,Gifting,Brand 3,Skin Care,HPC,Market 2,Sector 3,Province 1,HPC&F2016-09-23150,North,Urban,HPC&F,Area 1,Reg 1,Route 1,Territory 1,Manager 2,Loc 1,Hypermarket,No,MT,6P
1,Banner 1,1,2,Hypermarket,City 1,1,Commune 1,Indonesia,Customer 1,1,Global,2016-10-23,2,Manager 2,Manager 2,Channel 1,1,Outlet 29,Skin Care,Market 2,1,2,151,Gifting,Brand 4,Hair,HPC,Market 2,Sector 4,Province 1,IC2016-10-23151,North,Urban,IC,Area 1,Reg 1,Route 1,Territory 1,Manager 2,Loc 1,Hypermarket,No,MT,6P
1,Banner 1,1,2,Hypermarket,City 1,1,Commune 1,Indonesia,Customer 1,1,Global,2016-11-23,2,Manager 2,Manager 2,Channel 1,1,Outlet 30,Hair,Market 3,1,3,152,Gifting,Brand 5,Hair,HPC,Market 3,Sector 5,Province 1,IC2016-11-23152,North,Urban,IC,Area 1,Reg 1,Route 1,Territory 1,Manager 2,Loc 1,Hypermarket,No,MT,6P
1,Banner 1,1,3,Hypermarket,City 1,1,Commune 1,Indonesia,Customer 1,1,Global,2016-08-23,3,Manager 3,Manager 3,Channel 1,1,Outlet 31,Hair,Market 3,1,3,153,Men's Zone,Brand 2,Hair,HPC,Market 3,Sector 6,Province 1,HPC&F2016-08-23153,North,Urban,HPC&F,Area 1,Reg 1,Route 1,Territory 1,Manager 3,Loc 1,Hypermarket,Yes,MT,6P
1,Banner 1,1,1,Hypermarket,City 1,1,Commune 1,Indonesia,Customer 1,1,Global,2016-07-23,1,Manager 3,Manager 1,Channel 1,1,Outlet 32,Hair,Market 4,1,4,154,Men's Zone,Brand 5,Hair,HPC,Market 4,Sector 6,Province 1,IC2016-07-23154,North,Urban,IC,Area 1,Reg 1,Route 1,Territory 1,Manager 3,Loc 1,Hypermarket,No,MT,6P
1,Banner 1,1,2,Hypermarket,City 1,1,Commune 1,Indonesia,Customer 1,1,Global,2016-06-23,2,Manager 3,Manager 2,Channel 1,1,Outlet 33,Hair,Market 4,1,4,155,Gifting,Brand 5,Skin Care,HPC,Market 4,Sector 6,Province 1,HPC&F2016-06-23155,North,Urban,HPC&F,Area 1,Reg 1,Route 1,Territory 1,Manager 3,Loc 1,Hypermarket,No,MT,6P
1,Banner 1,1,3,Hypermarket,City 1,1,Commune 1,Indonesia,Customer 1,1,Global,2016-09-23,3,Manager 4,Manager 3,Channel 1,1,Outlet 34,Hair,Market 4,1,4,156,Men's Zone,Brand 6,Skin Care,HPC,Market 4,Sector 7,Province 1,IC2016-09-23156,North,Urban,IC,Area 1,Reg 1,Route 1,Territory 1,Manager 4,Loc 1,Hypermarket,No,MT,6P
1,Banner 1,1,4,Hypermarket,City 1,1,Commune 1,Indonesia,Customer 1,1,Global,2016-10-23,4,Manager 4,Manager 4,Channel 1,1,Outlet 35,Ice Cream,Market 5,1,5,157,Men's Zone,Brand 7,Skin Care,HPC,Market 5,Sector 8,Province 1,IC2016-10-23157,North,Urban,IC,Area 1,Reg 1,Route 1,Territory 1,Manager 4,Loc 1,Hypermarket,No,MT,6P
1,Banner 1,1,5,Hypermarket,City 1,1,Commune 1,Indonesia,Customer 1,1,Global,2016-11-23,5,Manager 4,Manager 5,Channel 1,1,Outlet 36,Ice Cream,Market 5,1,5,158,Men's Zone,Brand 7,Skin Care,HPC,Market 5,Sector 8,Province 1,IC2016-11-23158,North,Urban,IC,Area 1,Reg 1,Route 1,Territory 1,Manager 4,Loc 1,Hypermarket,No,MT,6P
1,Banner 1,1,6,Hypermarket,City 1,1,Commune 1,Indonesia,Customer 1,1,Global,2016-08-23,6,Manager 5,Manager 6,Channel 1,1,Outlet 37,Ice Cream,Market 5,1,5,159,Men's Zone,Brand 8,Hair,HPC,Market 5,Sector 9,Province 1,HPC&F2016-08-23159,North,Urban,HPC&F,Area 1,Reg 1,Route 1,Territory 1,Manager 5,Loc 1,Hypermarket,No,MT,6P
1,Banner 1,1,7,Hypermarket,City 1,1,Commune 1,Indonesia,Customer 1,1,Global,2016-07-23,7,Manager 5,Manager 7,Channel 1,1,Outlet 38,Ice Cream,Market 6,1,6,160,Men's Zone,Brand 9,Hair,HPC,Market 6,Sector 10,Province 1,HPC&F2016-07-23160,North,Urban,HPC&F,Area 1,Reg 1,Route 1,Territory 1,Manager 5,Loc 1,Hypermarket,No,MT,6P
0,Banner 1,1,8,Hypermarket,City 1,1,Commune 1,Indonesia,Customer 1,1,Global,2016-06-23,8,Manager 5,Manager 8,Channel 1,1,Outlet 39,Ice Cream,Market 6,1,6,161,Gifting,Brand 10,Hair,HPC,Market 6,Sector 11,Province 1,IC2016-06-23161,North,Urban,IC,Area 1,Reg 1,Route 1,Territory 1,Manager 5,Loc 1,Hypermarket,Yes,MT,6P
0,Banner 1,1,9,Hypermarket,City 1,1,Commune 1,Indonesia,Customer 1,1,Global,2016-09-23,9,Manager 6,Manager 9,Channel 1,1,Outlet 40,Ice Cream,Market 6,1,6,162,Men's Zone,Brand 11,Hair,HPC,Market 6,Sector 11,Province 1,HPC&F2016-09-23162,North,Urban,HPC&F,Area 1,Reg 1,Route 1,Territory 1,Manager 6,Loc 1,Hypermarket,No,MT,6P
1,Banner 1,1,10,Hypermarket,City 1,1,Commune 1,Indonesia,Customer 1,1,Global,2016-10-23,10,Manager 6,Manager 10,Channel 1,1,Outlet 41,Ice Cream,Market 6,1,6,163,Men's Zone,Brand 11,Skin Care,HPC,Market 6,Sector 11,Province 1,HPC&F2016-10-23163,North,Urban,HPC&F,Area 1,Reg 1,Route 1,Territory 1,Manager 6,Loc 1,Hypermarket,No,MT,6P
1,Banner 1,1,6,Hypermarket,City 1,1,Commune 1,Indonesia,Customer 1,1,Global,2016-11-23,6,Manager 6,Manager 6,Channel 1,1,Outlet 42,Skin Care,Market 1,1,1,164,Gifting,Brand 1,Skin Care,HPC,Market 1,Sector 1,Province 1,IC2016-11-23164,North,Urban,IC,Area 1,Reg 1,Route 1,Territory 1,Manager 6,Loc 1,Hypermarket,No,MT,6P
1,Banner 1,1,7,Hypermarket,City 1,1,Commune 1,Indonesia,Customer 1,1,Global,2016-08-23,7,Manager 7,Manager 7,Channel 1,1,Outlet 43,Skin Care,Market 1,1,1,165,Men's Zone,Brand 1,Skin Care,HPC,Market 1,Sector 1,Province 1,IC2016-08-23165,North,Urban,IC,Area 1,Reg 1,Route 1,Territory 1,Manager 7,Loc 1,Hypermarket,No,MT,6P
1,Banner 1,1,7,Hypermarket,City 1,1,Commune 1,Indonesia,Customer 1,1,Global,2016-07-23,7,Manager 7,Manager 7,Channel 1,1,Outlet 44,Skin Care,Market 1,1,1,166,Gifting,Brand 1,Skin Care,HPC,Market 1,Sector 1,Province 1,IC2016-07-23166,North,Urban,IC,Area 1,Reg 1,Route 1,Territory 1,Manager 7,Loc 1,Hypermarket,No,MT,6P
1,Banner 1,1,7,Hypermarket,City 1,1,Commune 1,Indonesia,Customer 1,1,Global,2016-06-23,7,Manager 7,Manager 7,Channel 1,1,Outlet 45,Skin Care,Market 1,1,1,167,Gifting,Brand 2,Hair,HPC,Market 1,Sector 1,Province 1,IC2016-06-23167,North,Urban,IC,Area 1,Reg 1,Route 1,Territory 1,Manager 7,Loc 1,Hypermarket,No,MT,6P
1,Banner 1,1,8,Hypermarket,City 1,1,Commune 1,Indonesia,Customer 1,1,Global,2016-09-23,8,Manager 8,Manager 8,Channel 1,1,Outlet 46,Skin Care,Market 1,1,1,168,Men's Zone,Brand 2,Hair,HPC,Market 1,Sector 1,Province 1,IC2016-09-23168,North,Urban,IC,Area 1,Reg 1,Route 1,Territory 1,Manager 8,Loc 1,Hypermarket,No,MT,6P
0,Banner 1,1,8,Hypermarket,City 1,1,Commune 1,Indonesia,Customer 1,1,Global,2016-10-23,8,Manager 8,Manager 8,Channel 1,1,Outlet 47,Skin Care,Market 1,1,1,169,Men's Zone,Brand 3,Hair,HPC,Market 1,Sector 2,Province 1,HPC&F2016-10-23169,North,Urban,HPC&F,Area 1,Reg 1,Route 1,Territory 1,Manager 8,Loc 1,Hypermarket,No,MT,6P
1,Banner 1,1,8,Hypermarket,City 1,1,Commune 1,Indonesia,Customer 1,1,Global,2016-11-23,8,Manager 8,Manager 8,Channel 1,1,Outlet 48,Skin Care,Market 1,1,1,170,Men's Zone,Brand 3,Hair,HPC,Market 1,Sector 2,Province 1,HPC&F2016-11-23170,North,Urban,HPC&F,Area 1,Reg 1,Route 1,Territory 1,Manager 8,Loc 1,Hypermarket,No,MT,6P
1,Banner 1,1,1,Hypermarket,City 1,1,Commune 1,Indonesia,Customer 1,1,Global,2016-08-23,1,Manager 1,Manager 1,Channel 1,1,Outlet 49,Skin Care,Market 2,1,2,171,Gifting,Brand 3,Skin Care,HPC,Market 2,Sector 3,Province 1,HPC&F2016-08-23171,North,Urban,HPC&F,Area 1,Reg 1,Route 1,Territory 1,Manager 1,Loc 1,Hypermarket,No,MT,6P
1,Banner 1,1,1,Hypermarket,City 1,1,Commune 1,Indonesia,Customer 1,1,Global,2016-07-23,1,Manager 1,Manager 1,Channel 1,1,Outlet 50,Skin Care,Market 2,1,2,172,Gifting,Brand 4,Skin Care,HPC,Market 2,Sector 4,Province 1,HPC&F2016-07-23172,North,Urban,HPC&F,Area 1,Reg 1,Route 1,Territory 1,Manager 1,Loc 1,Hypermarket,No,MT,6P
0,Banner 1,1,1,Hypermarket,City 1,1,Commune 1,Indonesia,Customer 1,1,Global,2016-06-23,1,Manager 1,Manager 1,Channel 1,1,Outlet 51,Hair,Market 3,1,3,173,Men's Zone,Brand 5,Skin Care,HPC,Market 3,Sector 5,Province 1,HPC&F2016-06-23173,North,Urban,HPC&F,Area 1,Reg 1,Route 1,Territory 1,Manager 1,Loc 1,Hypermarket,No,MT,6P
0,Banner 1,1,2,Hypermarket,City 1,1,Commune 1,Indonesia,Customer 1,1,Global,2016-09-23,2,Manager 2,Manager 2,Channel 1,1,Outlet 52,Hair,Market 3,1,3,174,Gifting,Brand 2,Skin Care,HPC,Market 3,Sector 6,Province 1,IC2016-09-23174,North,Urban,IC,Area 1,Reg 1,Route 1,Territory 1,Manager 2,Loc 1,Hypermarket,No,MT,6P
1,Banner 1,1,2,Hypermarket,City 1,1,Commune 1,Indonesia,Customer 1,1,Global,2016-10-23,2,Manager 2,Manager 2,Channel 1,1,Outlet 53,Hair,Market 4,1,4,175,Men's Zone,Brand 5,Hair,HPC,Market 4,Sector 6,Province 1,HPC&F2016-10-23175,North,Urban,HPC&F,Area 1,Reg 1,Route 1,Territory 1,Manager 2,Loc 1,Hypermarket,No,MT,6P
1,Banner 1,1,2,Hypermarket,City 1,1,Commune 1,Indonesia,Customer 1,1,Global,2016-11-23,2,Manager 2,Manager 2,Channel 1,1,Outlet 54,Hair,Market 4,1,4,176,Gifting,Brand 5,Hair,HPC,Market 4,Sector 6,Province 1,IC2016-11-23176,North,Urban,IC,Area 1,Reg 1,Route 1,Territory 1,Manager 2,Loc 1,Hypermarket,No,MT,6P
1,Banner 1,1,3,Hypermarket,City 1,1,Commune 1,Indonesia,Customer 1,1,Global,2016-08-23,3,Manager 3,Manager 3,Channel 1,1,Outlet 55,Hair,Market 4,1,4,177,Gifting,Brand 6,Hair,HPC,Market 4,Sector 7,Province 1,HPC&F2016-08-23177,North,Urban,HPC&F,Area 1,Reg 1,Route 1,Territory 1,Manager 3,Loc 1,Hypermarket,Yes,MT,6P
1,Banner 1,1,3,Hypermarket,City 1,1,Commune 1,Indonesia,Customer 1,1,Global,2016-07-23,3,Manager 3,Manager 3,Channel 1,1,Outlet 56,Ice Cream,Market 5,1,5,178,Gifting,Brand 7,Hair,HPC,Market 5,Sector 8,Province 1,HPC&F2016-07-23178,North,Urban,HPC&F,Area 1,Reg 1,Route 1,Territory 1,Manager 3,Loc 1,Hypermarket,No,MT,6P
1,Banner 1,1,3,Hypermarket,City 1,1,Commune 1,Indonesia,Customer 1,1,Global,2016-06-23,3,Manager 3,Manager 3,Channel 1,1,Outlet 57,Ice Cream,Market 5,1,5,179,Gifting,Brand 7,Skin Care,HPC,Market 5,Sector 8,Province 1,HPC&F2016-06-23179,North,Urban,HPC&F,Area 1,Reg 1,Route 1,Territory 1,Manager 3,Loc 1,Hypermarket,No,MT,6P
1,Banner 1,1,4,Hypermarket,City 1,1,Commune 1,Indonesia,Customer 1,1,Global,2016-09-23,4,Manager 4,Manager 4,Channel 1,1,Outlet 58,Ice Cream,Market 5,1,5,180,Gifting,Brand 8,Skin Care,HPC,Market 5,Sector 9,Province 1,HPC&F2016-09-23180,North,Urban,HPC&F,Area 1,Reg 1,Route 1,Territory 1,Manager 4,Loc 1,Hypermarket,No,MT,6P
1,Banner 1,1,4,Hypermarket,City 1,1,Commune 1,Indonesia,Customer 1,1,Global,2016-10-23,4,Manager 4,Manager 4,Channel 10,10,Outlet 59,Ice Cream,Market 6,10,6,181,Gifting,Brand 9,Skin Care,HPC,Market 6,Sector 10,Province 1,IC2016-10-23181,North,Urban,IC,Area 1,Reg 1,Route 1,Territory 1,Manager 4,Loc 1,Hypermarket,No,MT,6P
1,Banner 1,1,4,Hypermarket,City 1,1,Commune 1,Indonesia,Customer 1,1,Global,2016-11-23,4,Manager 4,Manager 4,Channel 10,10,Outlet 60,Ice Cream,Market 6,10,6,182,Men's Zone,Brand 10,Skin Care,HPC,Market 6,Sector 11,Province 1,HPC&F2016-11-23182,North,Urban,HPC&F,Area 1,Reg 1,Route 1,Territory 1,Manager 4,Loc 1,Hypermarket,No,MT,6P
1,Banner 1,1,5,Hypermarket,City 1,1,Commune 1,Indonesia,Customer 1,1,Global,2016-08-23,5,Manager 5,Manager 5,Channel 10,10,Outlet 61,Ice Cream,Market 6,10,6,183,Gifting,Brand 11,Hair,HPC,Market 6,Sector 11,Province 1,HPC&F2016-08-23183,North,Urban,HPC&F,Area 1,Reg 1,Route 1,Territory 1,Manager 5,Loc 1,Hypermarket,No,MT,6P
1,Banner 1,1,5,Hypermarket,City 1,1,Commune 1,Indonesia,Customer 1,1,Global,2016-07-23,5,Manager 5,Manager 5,Channel 10,10,Outlet 62,Ice Cream,Market 6,10,6,184,Men's Zone,Brand 11,Hair,HPC,Market 6,Sector 11,Province 1,IC2016-07-23184,North,Urban,IC,Area 1,Reg 1,Route 1,Territory 1,Manager 5,Loc 1,Hypermarket,No,MT,6P
1,Banner 1,1,1,Hypermarket,City 1,1,Commune 1,Indonesia,Customer 1,1,Global,2016-06-23,1,Manager 5,Manager 1,Channel 10,10,Outlet 63,Skin Care,Market 1,10,1,185,Gifting,Brand 1,Hair,HPC,Market 1,Sector 1,Province 1,HPC&F2016-06-23185,North,Urban,HPC&F,Area 1,Reg 1,Route 1,Territory 1,Manager 5,Loc 1,Hypermarket,No,MT,6P
1,Banner 1,1,2,Hypermarket,City 1,1,Commune 1,Indonesia,Customer 1,1,Global,2016-09-23,2,Manager 6,Manager 2,Channel 10,10,Outlet 64,Skin Care,Market 1,10,1,186,Men's Zone,Brand 1,Hair,HPC,Market 1,Sector 1,Province 1,IC2016-09-23186,North,Urban,IC,Area 1,Reg 1,Route 1,Territory 1,Manager 6,Loc 1,Hypermarket,No,MT,6P
1,Banner 1,1,3,Hypermarket,City 1,1,Commune 1,Indonesia,Customer 1,1,Global,2016-10-23,3,Manager 6,Manager 3,Channel 10,10,Outlet 65,Skin Care,Market 1,10,1,187,Gifting,Brand 1,Skin Care,HPC,Market 1,Sector 1,Province 1,IC2016-10-23187,North,Urban,IC,Area 1,Reg 1,Route 1,Territory 1,Manager 6,Loc 1,Hypermarket,No,MT,6P
1,Banner 1,1,4,Hypermarket,City 1,1,Commune 1,Indonesia,Customer 1,1,Global,2016-11-23,4,Manager 6,Manager 4,Channel 10,10,Outlet 66,Skin Care,Market 1,10,1,188,Men's Zone,Brand 2,Skin Care,HPC,Market 1,Sector 1,Province 1,IC2016-11-23188,North,Urban,IC,Area 1,Reg 1,Route 1,Territory 1,Manager 6,Loc 1,Hypermarket,No,MT,6P
1,Banner 1,1,5,Hypermarket,City 1,1,Commune 1,Indonesia,Customer 1,1,Global,2016-08-23,5,Manager 7,Manager 5,Channel 10,10,Outlet 67,Skin Care,Market 1,10,1,189,Gifting,Brand 2,Skin Care,HPC,Market 1,Sector 1,Province 1,HPC&F2016-08-23189,North,Urban,HPC&F,Area 1,Reg 1,Route 1,Territory 1,Manager 7,Loc 1,Hypermarket,No,MT,6P
1,Banner 1,1,6,Hypermarket,City 1,1,Commune 1,Indonesia,Customer 1,1,Global,2016-07-23,6,Manager 7,Manager 6,Channel 10,10,Outlet 68,Skin Care,Market 1,10,1,190,Men's Zone,Brand 3,Skin Care,HPC,Market 1,Sector 2,Province 1,HPC&F2016-07-23190,North,Urban,HPC&F,Area 1,Reg 1,Route 1,Territory 1,Manager 7,Loc 1,Hypermarket,No,MT,6P
1,Banner 1,1,7,Hypermarket,City 1,1,Commune 1,Indonesia,Customer 1,1,Global,2016-06-23,7,Manager 7,Manager 7,Channel 10,10,Outlet 69,Skin Care,Market 1,10,1,191,Gifting,Brand 3,Hair,HPC,Market 1,Sector 2,Province 1,IC2016-06-23191,North,Urban,IC,Area 1,Reg 1,Route 1,Territory 1,Manager 7,Loc 1,Hypermarket,No,MT,6P
1,Banner 1,1,8,Hypermarket,City 1,1,Commune 1,Indonesia,Customer 1,1,Global,2016-09-23,8,Manager 8,Manager 8,Channel 10,10,Outlet 70,Skin Care,Market 2,10,2,192,Men's Zone,Brand 3,Hair,HPC,Market 2,Sector 3,Province 1,IC2016-09-23192,North,Urban,IC,Area 1,Reg 1,Route 1,Territory 1,Manager 8,Loc 1,Hypermarket,No,MT,6P
0,Banner 1,1,9,Hypermarket,City 1,1,Commune 1,Indonesia,Customer 1,1,Global,2016-10-23,9,Manager 8,Manager 9,Channel 10,10,Outlet 71,Skin Care,Market 2,10,2,193,Men's Zone,Brand 4,Hair,HPC,Market 2,Sector 4,Province 1,IC2016-10-23193,North,Urban,IC,Area 1,Reg 1,Route 1,Territory 1,Manager 8,Loc 1,Hypermarket,No,MT,6P
1,Banner 1,1,10,Hypermarket,City 1,1,Commune 1,Indonesia,Customer 1,1,Global,2016-11-23,10,Manager 8,Manager 10,Channel 10,10,Outlet 72,Hair,Market 3,10,3,194,Gifting,Brand 5,Hair,HPC,Market 3,Sector 5,Province 1,HPC&F2016-11-23194,North,Urban,HPC&F,Area 1,Reg 1,Route 1,Territory 1,Manager 8,Loc 1,Hypermarket,No,MT,6P
0,Banner 1,1,1,Hypermarket,City 1,1,Commune 1,Indonesia,Customer 1,1,Global,2016-08-23,1,Manager 1,Manager 1,Channel 10,10,Outlet 73,Hair,Market 3,10,3,195,Gifting,Brand 2,Skin Care,HPC,Market 3,Sector 6,Province 1,HPC&F2016-08-23195,North,Urban,HPC&F,Area 1,Reg 1,Route 1,Territory 1,Manager 1,Loc 1,Hypermarket,No,MT,6P
1,Banner 1,1,1,Hypermarket,City 1,1,Commune 1,Indonesia,Customer 1,1,Global,2016-07-23,1,Manager 1,Manager 1,Channel 10,10,Outlet 74,Hair,Market 4,10,4,196,Gifting,Brand 5,Skin Care,HPC,Market 4,Sector 6,Province 1,HPC&F2016-07-23196,North,Urban,HPC&F,Area 1,Reg 1,Route 1,Territory 1,Manager 1,Loc 1,Hypermarket,No,MT,6P
1,Banner 1,1,1,Hypermarket,City 1,1,Commune 1,Indonesia,Customer 1,1,Global,2016-06-23,1,Manager 1,Manager 1,Channel 10,10,Outlet 75,Hair,Market 4,10,4,197,Gifting,Brand 5,Skin Care,HPC,Market 4,Sector 6,Province 1,HPC&F2016-06-23197,North,Urban,HPC&F,Area 1,Reg 1,Route 1,Territory 1,Manager 2,Loc 1,Hypermarket,No,MT,6P
1,Banner 1,1,2,Hypermarket,City 1,1,Commune 1,Indonesia,Customer 1,1,Global,2016-09-23,2,Manager 2,Manager 2,Channel 10,10,Outlet 76,Hair,Market 4,10,4,198,Gifting,Brand 6,Skin Care,HPC,Market 4,Sector 7,Province 1,HPC&F2016-09-23198,North,Urban,HPC&F,Area 1,Reg 1,Route 1,Territory 1,Manager 3,Loc 1,Hypermarket,No,MT,6P
0,Banner 1,1,2,Hypermarket,City 1,1,Commune 1,Indonesia,Customer 1,1,Global,2016-10-23,2,Manager 2,Manager 2,Channel 10,10,Outlet 77,Ice Cream,Market 5,10,5,199,Gifting,Brand 7,Hair,HPC,Market 5,Sector 8,Province 1,HPC&F2016-10-23199,North,Urban,HPC&F,Area 1,Reg 1,Route 1,Territory 1,Manager 4,Loc 1,Hypermarket,No,MT,6P
1,Banner 1,1,2,Hypermarket,City 1,1,Commune 1,Indonesia,Customer 1,1,Global,2016-11-23,2,Manager 2,Manager 2,Channel 10,10,Outlet 78,Ice Cream,Market 5,10,5,200,Gifting,Brand 7,Hair,HPC,Market 5,Sector 8,Province 1,HPC&F2016-11-23200,North,Urban,HPC&F,Area 1,Reg 1,Route 1,Territory 1,Manager 5,Loc 1,Hypermarket,No,MT,6P
1,Banner 1,1,3,Hypermarket,City 1,1,Commune 1,Indonesia,Customer 1,1,Global,2016-08-23,3,Manager 3,Manager 3,Channel 10,10,Outlet 79,Ice Cream,Market 5,10,5,201,Gifting,Brand 8,Hair,HPC,Market 5,Sector 9,Province 1,HPC&F2016-08-23201,North,Urban,HPC&F,Area 1,Reg 1,Route 1,Territory 1,Manager 6,Loc 1,Hypermarket,No,MT,6P
1,Banner 1,1,3,Hypermarket,City 1,1,Commune 1,Indonesia,Customer 1,1,Global,2016-07-23,3,Manager 3,Manager 3,Channel 10,10,Outlet 80,Ice Cream,Market 6,10,6,202,Gifting,Brand 9,Hair,HPC,Market 6,Sector 10,Province 1,IC2016-07-23202,North,Urban,IC,Area 1,Reg 1,Route 1,Territory 1,Manager 7,Loc 1,Hypermarket,No,MT,6P
1,Banner 1,1,3,Hypermarket,City 1,1,Commune 1,Indonesia,Customer 1,1,Global,2016-06-23,3,Manager 3,Manager 3,Channel 10,10,Outlet 81,Ice Cream,Market 6,10,6,203,Men's Zone,Brand 10,Skin Care,HPC,Market 6,Sector 11,Province 1,IC2016-06-23203,North,Urban,IC,Area 1,Reg 1,Route 1,Territory 1,Manager 8,Loc 1,Hypermarket,No,MT,6P
1,Banner 1,1,4,Hypermarket,City 1,1,Commune 1,Indonesia,Customer 1,1,Global,2016-09-23,4,Manager 4,Manager 4,Channel 10,10,Outlet 82,Ice Cream,Market 6,10,6,204,Gifting,Brand 11,Skin Care,HPC,Market 6,Sector 11,Province 1,IC2016-09-23204,North,Urban,IC,Area 1,Reg 1,Route 1,Territory 1,Manager 9,Loc 1,Hypermarket,No,MT,6P
1,Banner 1,1,4,Hypermarket,City 1,1,Commune 1,Indonesia,Customer 1,1,Global,2016-10-23,4,Manager 4,Manager 4,Channel 10,10,Outlet 83,Ice Cream,Market 6,10,6,205,Gifting,Brand 11,Skin Care,HPC,Market 6,Sector 11,Province 1,IC2016-10-23205,North,Urban,IC,Area 1,Reg 1,Route 1,Territory 1,Manager 10,Loc 1,Hypermarket,No,MT,6P
1,Banner 1,1,4,Hypermarket,City 1,1,Commune 1,Indonesia,Customer 1,1,Global,2016-11-23,4,Manager 4,Manager 4,Channel 10,10,Outlet 84,Skin Care,Market 1,10,1,206,Gifting,Brand 1,Skin Care,HPC,Market 1,Sector 1,Province 1,IC2016-11-23206,North,Urban,IC,Area 1,Reg 1,Route 1,Territory 1,Manager 4,Loc 1,Hypermarket,No,MT,6P
1,Banner 1,1,5,Hypermarket,City 1,1,Commune 1,Indonesia,Customer 1,1,Global,2016-08-23,5,Manager 5,Manager 5,Channel 10,10,Outlet 85,Skin Care,Market 1,10,1,207,Men's Zone,Brand 1,Hair,HPC,Market 1,Sector 1,Province 1,HPC&F2016-08-23207,North,Urban,HPC&F,Area 1,Reg 1,Route 1,Territory 1,Manager 5,Loc 1,Hypermarket,No,MT,6P
1,Banner 1,1,5,Hypermarket,City 1,1,Commune 1,Indonesia,Customer 1,1,Global,2016-07-23,5,Manager 5,Manager 5,Channel 10,10,Outlet 86,Skin Care,Market 1,10,1,208,Men's Zone,Brand 1,Hair,HPC,Market 1,Sector 1,Province 1,IC2016-07-23208,North,Urban,IC,Area 1,Reg 1,Route 1,Territory 1,Manager 6,Loc 1,Hypermarket,No,MT,6P
1,Banner 1,1,5,Hypermarket,City 1,1,Commune 1,Indonesia,Customer 1,1,Global,2016-06-23,5,Manager 5,Manager 5,Channel 10,10,Outlet 87,Skin Care,Market 1,10,1,209,Men's Zone,Brand 2,Hair,HPC,Market 1,Sector 1,Province 1,IC2016-06-23209,North,Urban,IC,Area 1,Reg 1,Route 1,Territory 1,Manager 7,Loc 1,Hypermarket,No,MT,6P
1,Banner 1,1,6,Hypermarket,City 1,1,Commune 1,Indonesia,Customer 1,1,Global,2016-09-23,6,Manager 6,Manager 6,Channel 10,10,Outlet 88,Skin Care,Market 1,10,1,210,Gifting,Brand 2,Hair,HPC,Market 1,Sector 1,Province 1,IC2016-09-23210,North,Urban,IC,Area 1,Reg 1,Route 1,Territory 1,Manager 5,Loc 1,Hypermarket,No,MT,6P
1,Banner 1,1,6,Hypermarket,City 1,1,Commune 1,Indonesia,Customer 1,1,Global,2016-10-23,6,Manager 6,Manager 6,Channel 10,10,Outlet 89,Skin Care,Market 1,10,1,211,Gifting,Brand 3,Skin Care,HPC,Market 1,Sector 2,Province 1,IC2016-10-23211,North,Urban,IC,Area 1,Reg 1,Route 1,Territory 1,Manager 6,Loc 1,Hypermarket,No,MT,6P
1,Banner 1,1,6,Hypermarket,City 1,1,Commune 1,Indonesia,Customer 1,1,Global,2016-11-23,6,Manager 6,Manager 6,Channel 10,10,Outlet 90,Skin Care,Market 1,10,1,212,Men's Zone,Brand 3,Skin Care,HPC,Market 1,Sector 2,Province 1,HPC&F2016-11-23212,North,Urban,HPC&F,Area 1,Reg 1,Route 1,Territory 1,Manager 7,Loc 1,Hypermarket,No,MT,6P
1,Banner 1,1,7,Hypermarket,City 1,1,Commune 1,Indonesia,Customer 1,1,Global,2016-08-23,7,Manager 7,Manager 7,Channel 10,10,Outlet 91,Skin Care,Market 2,10,2,213,Gifting,Brand 3,Skin Care,HPC,Market 2,Sector 3,Province 1,IC2016-08-23213,North,Urban,IC,Area 1,Reg 1,Route 1,Territory 1,Manager 8,Loc 1,Hypermarket,No,MT,6P
1,Banner 1,1,7,Hypermarket,City 1,1,Commune 1,Indonesia,Customer 1,1,Global,2016-07-23,7,Manager 7,Manager 7,Channel 10,10,Outlet 92,Skin Care,Market 2,10,2,214,Gifting,Brand 4,Skin Care,HPC,Market 2,Sector 4,Province 1,IC2016-07-23214,North,Urban,IC,Area 1,Reg 1,Route 1,Territory 1,Manager 9,Loc 1,Hypermarket,No,MT,6P
0,Banner 1,1,7,Hypermarket,City 1,1,Commune 1,Indonesia,Customer 1,1,Global,2016-06-23,7,Manager 7,Manager 7,Channel 10,10,Outlet 93,Hair,Market 3,10,3,215,Gifting,Brand 5,Hair,HPC,Market 3,Sector 5,Province 1,HPC&F2016-06-23215,North,Urban,HPC&F,Area 1,Reg 1,Route 1,Territory 1,Manager 10,Loc 1,Hypermarket,No,MT,6P
1,Banner 1,1,8,Hypermarket,City 1,1,Commune 1,Indonesia,Customer 1,1,Global,2016-09-23,8,Manager 8,Manager 8,Channel 10,10,Outlet 94,Hair,Market 3,10,3,216,Gifting,Brand 2,Hair,HPC,Market 3,Sector 6,Province 1,HPC&F2016-09-23216,North,Urban,HPC&F,Area 1,Reg 1,Route 1,Territory 1,Manager 8,Loc 1,Hypermarket,No,MT,6P
1,Banner 1,1,8,Hypermarket,City 1,1,Commune 1,Indonesia,Customer 1,1,Global,2016-10-23,8,Manager 8,Manager 8,Channel 10,10,Outlet 95,Hair,Market 4,10,4,217,Gifting,Brand 5,Hair,HPC,Market 4,Sector 6,Province 1,IC2016-10-23217,North,Urban,IC,Area 1,Reg 1,Route 1,Territory 1,Manager 8,Loc 1,Hypermarket,Yes,MT,6P
1,Banner 1,1,8,Hypermarket,City 1,1,Commune 1,Indonesia,Customer 1,1,Global,2016-11-23,8,Manager 8,Manager 8,Channel 10,10,Outlet 96,Hair,Market 4,10,4,218,Gifting,Brand 5,Hair,HPC,Market 4,Sector 6,Province 1,IC2016-11-23218,North,Urban,IC,Area 1,Reg 1,Route 1,Territory 1,Manager 8,Loc 1,Hypermarket,No,MT,6P
1,Banner 2,2,1,Hypermarket,City 2,2,Commune 2,Indonesia,Customer 1,1,Global,2016-08-23,1,Manager 1,Manager 1,Channel 10,10,Outlet 97,Hair,Market 4,10,4,219,Men's Zone,Brand 6,Deodorants,HPC,Market 4,Sector 7,Province 2,HPC&F2016-08-23219,South,Urban,HPC&F,Area 2,Reg 2,Route 2,Territory 2,Manager 1,Loc 2,Hypermarket,No,MT,5P
1,Banner 2,2,1,Hypermarket,City 2,2,Commune 2,Indonesia,Customer 1,1,Global,2016-07-23,1,Manager 1,Manager 1,Channel 10,10,Outlet 98,Ice Cream,Market 5,10,5,220,Gifting,Brand 7,Deodorants,HPC,Market 5,Sector 8,Province 2,IC2016-07-23220,South,Urban,IC,Area 2,Reg 2,Route 2,Territory 2,Manager 2,Loc 2,Hypermarket,No,MT,5P
1,Banner 2,2,1,Hypermarket,City 2,2,Commune 2,Indonesia,Customer 1,1,Global,2016-06-23,1,Manager 1,Manager 1,Channel 10,10,Outlet 99,Ice Cream,Market 5,10,5,221,Men's Zone,Brand 7,Deodorants,HPC,Market 5,Sector 8,Province 2,HPC&F2016-06-23221,South,Urban,HPC&F,Area 2,Reg 2,Route 2,Territory 2,Manager 3,Loc 2,Hypermarket,No,MT,5P
1,Banner 2,2,2,Hypermarket,City 2,2,Commune 2,Indonesia,Customer 1,1,Global,2016-09-23,2,Manager 2,Manager 2,Channel 10,10,Outlet 100,Ice Cream,Market 5,10,5,222,Gifting,Brand 8,Deodorants,HPC,Market 5,Sector 9,Province 2,HPC&F2016-09-23222,South,Urban,HPC&F,Area 2,Reg 2,Route 2,Territory 2,Manager 4,Loc 2,Hypermarket,No,MT,5P
1,Banner 2,2,2,Hypermarket,City 2,2,Commune 2,Indonesia,Customer 1,1,Global,2016-10-23,2,Manager 2,Manager 2,Channel 10,10,Outlet 101,Ice Cream,Market 6,10,6,223,Gifting,Brand 9,Oral Care,HPC,Market 6,Sector 10,Province 2,HPC&F2016-10-23223,South,Urban,HPC&F,Area 2,Reg 2,Route 2,Territory 2,Manager 5,Loc 2,Hypermarket,No,MT,5P
