Banner,Banner_ID,Category_ID,Channel,City,City_ID,Commune,Country,Customer,Customer_ID,Customer_type,Date_of_audit,Division_ID,Field_Execution_Manager,Field_Execution_Manager_ID,Field_Sales_Manager,Field_Sales_Manager_ID,Local_Channel,Local_Channel_ID,Local_Outlet_Name,Local_Product_Category,Local_Product_Market,Local_Subchannel,Local_Subchannel_ID,Market_ID,Outlet_ID,Outlet_classification,PSP_Compliance,PSP_Hurdle_Rate_Percentage,PSP_Percentage,PS_Category,Place_Compliance,Place_Compliance_Target,Product_Category,Product_Division,Product_Market,Province,Record_Id,Region,Rural_Urban,SOS_Compliance,SOS_Hurdle_Rate_Percentage,SOS_Percentage,SSP_Compliance,Sales_Org,Sales_Region_ID,Sales_Territory_ID,Sales_area,Sales_area_ID,Sales_region,Sales_route,Sales_territory,Secondary_Placement_Hurdle_Rate_Percentage,Secondary_Placement_Percentage,Store_Operations_Manager,Store_Operations_Manager_ID,Store_location,Subchannel,Top_Customer,Total_PSP_Answers,Total_PSP_Questions,Total_SSP_Answers,Total_SSP_Questions,Total_Shelf_Length,Total_UL_Shelf_Length,Trade_Format,X4P_5P_6P
Banner 22,24,1,Drug,City 1,1,Commune 1,Indonesia,Customer 22,22,Global,2016-07-22,1,Manager 1,1,Manager 1,2,Channel 1,24,Outlet 24,Skin Care,Market 1,Channel 1,24,1,2,MIX,1,0.9,0.384,Gifting,1,0.9,Deodorants,HPC,Market 1,Province 1,HPC&F2016-07-222,North,Urban,1,0.9,0.794,0,HPC&F,1,1,Area 1,1,Reg 1,Route 1,Territory 1,0.9,0.401,Manager 2,1,Loc 1,Mainstream Drugstores,No,4,4,4,4,2,0.8,MT,4P
Banner 25,27,1,MT,City 1,1,Commune 1,Indonesia,Customer 25,25,Global,2016-06-22,1,Manager 1,1,Manager 1,3,Channel 1,27,Outlet 27,Skin Care,Market 1,Channel 1,27,1,3,MIX,1,0.9,0.431,Gifting,1,0.9,Deodorants,HPC,Market 1,Province 1,HPC&F2016-06-223,North,Urban,1,0.9,0.563,0,HPC&F,1,1,Area 1,1,Reg 1,Route 1,Territory 1,0.9,0.329,Manager 3,1,Loc 1,Mass Merchandiser (non-grocery),No,4,4,4,4,9,2.88,MT,4P
Banner 1,3,2,Hypermarket,City 1,1,Commune 1,Indonesia,Customer 1,1,Global,2016-09-22,2,Manager 2,2,Manager 2,4,Channel 1,3,Outlet 3,Skin Care,Market 1,Channel 1,3,2,4,MIX,1,0.9,0.489,Gifting,0,0.9,Deodorants,HPC,Market 1,Province 1,HPC&F2016-09-224,North,Urban,1,0.9,0.288,0,HPC&F,1,1,Area 1,1,Reg 1,Route 1,Territory 1,0.9,0.168,Manager 4,2,Loc 1,Hypermarket,Yes,3,4,3,4,8,3.12,MT,4P
Banner 4,6,2,Supermarkets,City 1,1,Commune 1,Indonesia,Customer 4,4,Local,2016-10-22,2,Manager 2,2,Manager 2,5,Channel 1,6,Outlet 6,Skin Care,Market 1,Channel 1,6,2,5,MIX,1,0.9,0.853,Men's Zone,1,0.9,Deodorants,HPC,Market 1,Province 1,HPC&F2016-10-225,North,Urban,1,0.9,0.074,0,HPC&F,1,1,Area 1,1,Reg 1,Route 1,Territory 1,0.9,0.401,Manager 5,2,Loc 1,Large Supermarkets,No,4,4,4,4,8,2.72,MT,4P
Banner 7,9,2,Supermarkets,City 1,1,Commune 1,Indonesia,Customer 7,7,Global,2016-11-22,2,Manager 2,2,Manager 2,6,Channel 1,9,Outlet 9,Skin Care,Market 1,Channel 1,9,2,6,MIX,1,0.9,0.488,Gifting,1,0.9,Deodorants,HPC,Market 1,Province 1,HPC&F2016-11-226,North,Urban,1,0.9,0.176,0,HPC&F,1,1,Area 1,1,Reg 1,Route 1,Territory 1,0.9,0.109,Manager 6,2,Loc 1,Small Supermarkets,No,4,4,4,4,3,0.99,MT,4P
Banner 10,12,3,Discounters,City 1,1,Commune 1,Indonesia,Customer 10,10,Global,2016-08-22,3,Manager 3,3,Manager 3,7,Channel 1,12,Outlet 12,Skin Care,Market 2,Channel 1,12,3,7,MIX,1,0.9,0.034,Gifting,0,0.9,Dressings,Foods,Market 2,Province 1,HPC&F2016-08-227,North,Urban,0,0.9,0.083,0,HPC&F,1,1,Area 1,1,Reg 1,Route 1,Territory 1,0.9,0.131,Manager 7,3,Loc 1,Discounters,No,3,4,3,4,6,1.86,MT,4P
Banner 13,15,3,Club,City 1,1,Commune 1,Indonesia,Customer 13,13,Global,2016-07-22,3,Manager 3,3,Manager 3,8,Channel 1,15,Outlet 15,Skin Care,Market 2,Channel 1,15,3,8,MIX,1,0.9,0.782,Men's Zone,0,0.9,Dressings,Foods,Market 2,Province 1,IC2016-07-228,North,Urban,1,0.9,0.143,0,IC,1,1,Area 1,1,Reg 1,Route 1,Territory 1,0.9,0.274,Manager 8,3,Loc 1,Club,No,3,4,3,4,2,0.64,MT,4P
Banner 16,18,3,Direct,City 1,1,Commune 1,Indonesia,Customer 16,16,Local,2016-06-22,3,Manager 3,3,Manager 3,9,Channel 1,18,Outlet 18,Hair,Market 3,Channel 1,18,3,9,MIX,1,0.9,0.8,Men's Zone,0,0.9,Dressings,Foods,Market 3,Province 1,HPC&F2016-06-229,North,Urban,1,0.9,0.727,0,HPC&F,1,1,Area 1,1,Reg 1,Route 1,Territory 1,0.9,0.737,Manager 9,3,Loc 1,E-Commerce,No,3,4,3,4,5,1.65,MT,4P
Banner 19,21,4,Direct,City 1,1,Commune 1,Indonesia,Customer 19,19,Global,2016-09-22,4,Manager 4,4,Manager 4,10,Channel 1,21,Outlet 21,Hair,Market 3,Channel 1,21,4,10,MIX,1,0.9,0.64,Men's Zone,1,0.9,Dressings,Foods,Market 3,Province 1,IC2016-09-2210,North,Urban,1,0.9,0.75,0,IC,1,1,Area 1,1,Reg 1,Route 1,Territory 1,0.9,0.64,Manager 10,4,Loc 1,Direct Sales,No,4,4,4,4,6,2.34,MT,4P
Banner 22,24,4,Drug,City 1,1,Commune 1,Indonesia,Customer 22,22,Global,2016-10-22,4,Manager 4,4,Manager 4,4,Channel 1,24,Outlet 24,Hair,Market 4,Channel 1,24,4,11,MIX,1,0.9,0.076,Men's Zone,1,0.9,Dressings,Foods,Market 4,Province 1,HPC&F2016-10-2211,North,Urban,1,0.9,0.088,0,HPC&F,1,1,Area 1,1,Reg 1,Route 1,Territory 1,0.9,0.498,Manager 4,4,Loc 1,Mainstream Drugstores,No,4,4,4,4,5,1.85,MT,4P
Banner 25,27,4,MT,City 1,1,Commune 1,Indonesia,Customer 25,25,Global,2016-11-22,4,Manager 4,4,Manager 4,5,Channel 1,27,Outlet 27,Hair,Market 4,Channel 1,27,4,12,MIX,1,0.9,0.966,Gifting,1,0.9,Dressings,Foods,Market 4,Province 1,HPC&F2016-11-2212,North,Urban,1,0.9,0.194,0,HPC&F,1,1,Area 1,1,Reg 1,Route 1,Territory 1,0.9,0.085,Manager 5,4,Loc 1,Mass Merchandiser (non-grocery),No,4,4,4,4,2,0.76,MT,4P
Banner 1,3,5,Hypermarket,City 1,1,Commune 1,Indonesia,Customer 1,1,Global,2016-08-22,5,Manager 5,5,Manager 5,6,Channel 1,3,Outlet 3,Hair,Market 4,Channel 1,3,5,13,MIX,1,0.9,0.165,Men's Zone,0,0.9,Dressings,Foods,Market 4,Province 1,HPC&F2016-08-2213,North,Urban,0,0.9,0.03,0,HPC&F,1,1,Area 1,1,Reg 1,Route 1,Territory 1,0.9,0.142,Manager 6,5,Loc 1,Hypermarket,Yes,3,4,3,4,10,3.4,MT,4P
Banner 4,6,5,Supermarkets,City 1,1,Commune 1,Indonesia,Customer 4,4,Local,2016-07-22,5,Manager 5,5,Manager 5,7,Channel 1,6,Outlet 6,Ice Cream,Market 5,Channel 1,6,5,14,MIX,1,0.9,0.32,Gifting,0,0.9,Dressings,Foods,Market 5,Province 1,HPC&F2016-07-2214,North,Urban,1,0.9,0.504,0,HPC&F,1,1,Area 1,1,Reg 1,Route 1,Territory 1,0.9,0.928,Manager 7,5,Loc 1,Large Supermarkets,No,3,4,3,4,5,1.6,MT,4P
Banner 7,9,5,Supermarkets,City 1,1,Commune 1,Indonesia,Customer 7,7,Global,2016-06-22,5,Manager 5,5,Manager 5,5,Channel 1,9,Outlet 9,Ice Cream,Market 5,Channel 1,9,5,15,MIX,1,0.9,0.493,Gifting,1,0.9,Dressings,Foods,Market 5,Province 1,IC2016-06-2215,North,Urban,1,0.9,0.007,0,IC,1,1,Area 1,1,Reg 1,Route 1,Territory 1,0.9,0.125,Manager 5,5,Loc 1,Small Supermarkets,No,4,4,4,4,9,2.79,MT,4P
Banner 1,1,6,Hypermarket,City 1,1,Commune 1,Indonesia,Customer 1,1,Global,2016-09-22,6,Manager 6,6,Manager 6,6,Channel 1,1,Outlet 1,Ice Cream,Market 5,Channel 1,1,6,16,MIX,1,0.9,0.589,Gifting,1,0.9,Hair,HPC,Market 5,Province 1,HPC&F2016-09-2216,North,Urban,1,0.9,0.93,0,HPC&F,1,1,Area 1,1,Reg 1,Route 1,Territory 1,0.9,0.322,Manager 6,6,Loc 1,Hypermarket,Yes,4,4,4,4,9,3.24,MT,6P
Banner 10,10,6,Discounters,City 1,1,Commune 1,Indonesia,Customer 10,10,Global,2016-10-22,6,Manager 6,6,Manager 6,7,Channel 1,10,Outlet 10,Ice Cream,Market 6,Channel 1,10,6,17,MIX,0,0.9,0.312,Gifting,0,0.9,Hair,HPC,Market 6,Province 1,HPC&F2016-10-2217,North,Urban,1,0.9,0.17,0,HPC&F,1,1,Area 1,1,Reg 1,Route 1,Territory 1,0.9,0.826,Manager 7,6,Loc 1,Discounters,No,2,4,2,4,9,3.06,MT,6P
Banner 13,13,6,Club,City 1,1,Commune 1,Indonesia,Customer 13,13,Global,2016-11-22,6,Manager 6,6,Manager 6,8,Channel 1,13,Outlet 13,Ice Cream,Market 6,Channel 1,13,6,18,MIX,0,0.9,0.612,Men's Zone,0,0.9,Hair,HPC,Market 6,Province 1,IC2016-11-2218,North,Urban,1,0.9,0.07,0,IC,1,1,Area 1,1,Reg 1,Route 1,Territory 1,0.9,0.947,Manager 8,6,Loc 1,Club,No,2,4,2,4,9,2.97,MT,6P
Banner 16,16,7,Direct,City 1,1,Commune 1,Indonesia,Customer 16,16,Local,2016-08-22,7,Manager 7,7,Manager 7,9,Channel 1,16,Outlet 16,Ice Cream,Market 6,Channel 1,16,7,19,MIX,1,0.9,0.111,Gifting,0,0.9,Hair,HPC,Market 6,Province 1,IC2016-08-2219,North,Urban,1,0.9,0.968,0,IC,1,1,Area 1,1,Reg 1,Route 1,Territory 1,0.9,0.026,Manager 9,7,Loc 1,E-Commerce,No,3,4,3,4,6,1.98,MT,6P
Banner 19,19,7,Direct,City 1,1,Commune 1,Indonesia,Customer 19,19,Global,2016-07-22,7,Manager 7,7,Manager 7,10,Channel 1,19,Outlet 19,Ice Cream,Market 6,Channel 1,19,7,20,MIX,1,0.9,0.493,Men's Zone,1,0.9,Hair,HPC,Market 6,Province 1,HPC&F2016-07-2220,North,Urban,1,0.9,0.019,0,HPC&F,1,1,Area 1,1,Reg 1,Route 1,Territory 1,0.9,0.535,Manager 10,7,Loc 1,Direct Sales,No,4,4,4,4,9,3.06,MT,6P
Banner 22,22,7,Drug,City 1,1,Commune 1,Indonesia,Customer 22,22,Global,2016-06-22,7,Manager 7,7,Manager 7,7,Channel 1,22,Outlet 22,Skin Care,Market 1,Channel 1,22,7,21,MIX,1,0.9,0.707,Men's Zone,1,0.9,Hair,HPC,Market 1,Province 1,IC2016-06-2221,North,Urban,1,0.9,0.837,0,IC,1,1,Area 1,1,Reg 1,Route 1,Territory 1,0.9,0.414,Manager 7,7,Loc 1,Mainstream Drugstores,No,4,4,4,4,9,3.15,MT,6P
Banner 25,25,8,MT,City 1,1,Commune 1,Indonesia,Customer 25,25,Global,2016-09-22,8,Manager 8,8,Manager 8,8,Channel 1,25,Outlet 25,Skin Care,Market 1,Channel 1,25,8,22,MIX,1,0.9,0.72,Gifting,0,0.9,Hair,HPC,Market 1,Province 1,HPC&F2016-09-2222,North,Urban,1,0.9,0.292,0,HPC&F,1,1,Area 1,1,Reg 1,Route 1,Territory 1,0.9,0.224,Manager 8,8,Loc 1,Mass Merchandiser (non-grocery),No,3,4,3,4,5,1.55,MT,6P
Banner 4,4,8,Supermarkets,City 1,1,Commune 1,Indonesia,Customer 4,4,Local,2016-10-22,8,Manager 8,8,Manager 8,8,Channel 1,4,Outlet 4,Skin Care,Market 1,Channel 1,4,8,23,MIX,1,0.9,0.457,Men's Zone,1,0.9,Hair,HPC,Market 1,Province 1,HPC&F2016-10-2223,North,Urban,1,0.9,0.057,0,HPC&F,1,1,Area 1,1,Reg 1,Route 1,Territory 1,0.9,0.248,Manager 8,8,Loc 1,Large Supermarkets,No,4,4,4,4,7,2.73,MT,6P
Banner 7,7,8,Supermarkets,City 1,1,Commune 1,Indonesia,Customer 7,7,Global,2016-11-22,8,Manager 8,8,Manager 8,8,Channel 1,7,Outlet 7,Skin Care,Market 1,Channel 1,7,8,24,MIX,1,0.9,0.368,Men's Zone,1,0.9,Hair,HPC,Market 1,Province 1,IC2016-11-2224,North,Urban,1,0.9,0.408,0,IC,1,1,Area 1,1,Reg 1,Route 1,Territory 1,0.9,0.602,Manager 8,8,Loc 1,Small Supermarkets,No,4,4,4,4,8,2.96,MT,6P
Banner 10,12,1,Discounters,City 1,1,Commune 1,Indonesia,Customer 10,10,Global,2016-08-22,1,Manager 1,1,Manager 1,1,Channel 1,12,Outlet 12,Skin Care,Market 1,Channel 1,12,1,25,MIX,1,0.9,0.372,Men's Zone,1,0.9,Oral Care,HPC,Market 1,Province 1,IC2016-08-2225,North,Urban,1,0.9,0.122,0,IC,1,1,Area 1,1,Reg 1,Route 1,Territory 1,0.9,0.181,Manager 1,1,Loc 1,Discounters,No,4,4,4,4,8,2.4,MT,4P
Banner 13,15,1,Club,City 1,1,Commune 1,Indonesia,Customer 13,13,Global,2016-07-22,1,Manager 1,1,Manager 1,1,Channel 1,15,Outlet 15,Skin Care,Market 1,Channel 1,15,1,26,MIX,1,0.9,0.204,Men's Zone,1,0.9,Oral Care,HPC,Market 1,Province 1,IC2016-07-2226,North,Urban,1,0.9,0.437,0,IC,1,1,Area 1,1,Reg 1,Route 1,Territory 1,0.9,0.402,Manager 1,1,Loc 1,Club,No,4,4,4,4,9,2.88,MT,4P
Banner 16,18,1,Direct,City 1,1,Commune 1,Indonesia,Customer 16,16,Local,2016-06-22,1,Manager 1,1,Manager 1,1,Channel 1,18,Outlet 18,Skin Care,Market 1,Channel 1,18,1,27,MIX,1,0.9,0.778,Men's Zone,1,0.9,Oral Care,HPC,Market 1,Province 1,IC2016-06-2227,North,Urban,1,0.9,0.78,0,IC,1,1,Area 1,1,Reg 1,Route 1,Territory 1,0.9,0.744,Manager 1,1,Loc 1,E-Commerce,No,4,4,4,4,4,1.52,MT,4P
Banner 19,21,2,Direct,City 1,1,Commune 1,Indonesia,Customer 19,19,Global,2016-09-22,2,Manager 2,2,Manager 2,2,Channel 1,21,Outlet 21,Skin Care,Market 2,Channel 1,21,2,28,MIX,1,0.9,0.295,Gifting,1,0.9,Oral Care,HPC,Market 2,Province 1,HPC&F2016-09-2228,North,Urban,1,0.9,0.378,0,HPC&F,1,1,Area 1,1,Reg 1,Route 1,Territory 1,0.9,0.273,Manager 2,2,Loc 1,Direct Sales,No,4,4,4,4,6,2.16,MT,4P
Banner 22,24,2,Drug,City 1,1,Commune 1,Indonesia,Customer 22,22,Global,2016-10-22,2,Manager 2,2,Manager 2,2,Channel 1,24,Outlet 24,Skin Care,Market 2,Channel 1,24,2,29,MIX,1,0.9,0.699,Gifting,0,0.9,Oral Care,HPC,Market 2,Province 1,IC2016-10-2229,North,Urban,1,0.9,0.416,0,IC,1,1,Area 1,1,Reg 1,Route 1,Territory 1,0.9,0.072,Manager 2,2,Loc 1,Mainstream Drugstores,No,3,4,3,4,2,0.68,MT,4P
Banner 25,27,2,MT,City 1,1,Commune 1,Indonesia,Customer 25,25,Global,2016-11-22,2,Manager 2,2,Manager 2,2,Channel 1,27,Outlet 27,Hair,Market 3,Channel 1,27,2,30,MIX,0,0.9,0.238,Gifting,0,0.9,Oral Care,HPC,Market 3,Province 1,IC2016-11-2230,North,Urban,1,0.9,0.861,0,IC,1,1,Area 1,1,Reg 1,Route 1,Territory 1,0.9,0.797,Manager 2,2,Loc 1,Mass Merchandiser (non-grocery),No,2,4,2,4,9,3.33,MT,4P
Banner 1,3,3,Hypermarket,City 1,1,Commune 1,Indonesia,Customer 1,1,Global,2016-08-22,3,Manager 3,3,Manager 3,3,Channel 1,3,Outlet 3,Hair,Market 3,Channel 1,3,3,31,MIX,1,0.9,0.873,Men's Zone,0,0.9,Oral Care,HPC,Market 3,Province 1,HPC&F2016-08-2231,North,Urban,0,0.9,0.353,0,HPC&F,1,1,Area 1,1,Reg 1,Route 1,Territory 1,0.9,0.383,Manager 3,3,Loc 1,Hypermarket,Yes,3,4,3,4,6,1.86,MT,4P
Banner 4,6,1,Supermarkets,City 1,1,Commune 1,Indonesia,Customer 4,4,Local,2016-07-22,1,Manager 3,3,Manager 1,3,Channel 1,6,Outlet 6,Hair,Market 4,Channel 1,6,1,32,MIX,1,0.9,0.041,Men's Zone,1,0.9,Oral Care,HPC,Market 4,Province 1,IC2016-07-2232,North,Urban,1,0.9,0.572,0,IC,1,1,Area 1,1,Reg 1,Route 1,Territory 1,0.9,0.015,Manager 3,1,Loc 1,Large Supermarkets,No,4,4,4,4,3,1.17,MT,4P
Banner 7,9,2,Supermarkets,City 1,1,Commune 1,Indonesia,Customer 7,7,Global,2016-06-22,2,Manager 3,3,Manager 2,3,Channel 1,9,Outlet 9,Hair,Market 4,Channel 1,9,2,33,MIX,1,0.9,0.877,Gifting,1,0.9,Oral Care,HPC,Market 4,Province 1,HPC&F2016-06-2233,North,Urban,1,0.9,0.115,0,HPC&F,1,1,Area 1,1,Reg 1,Route 1,Territory 1,0.9,0.617,Manager 3,2,Loc 1,Small Supermarkets,No,4,4,4,4,3,1.14,MT,4P
Banner 28,28,3,Drug,City 1,1,Commune 1,Indonesia,Customer 28,28,Local,2016-09-22,3,Manager 4,4,Manager 3,4,Channel 1,28,Outlet 28,Hair,Market 4,Channel 1,28,3,34,MIX,0,0.9,0.694,Men's Zone,0,0.9,Hair,HPC,Market 4,Province 1,IC2016-09-2234,North,Urban,0,0.9,0.932,0,IC,1,1,Area 1,1,Reg 1,Route 1,Territory 1,0.9,0.194,Manager 4,3,Loc 1,Perfumeries and Premium Beauty,No,3,4,3,4,5,1.7,DT,6P
Banner 28,28,4,Drug,City 1,1,Commune 1,Indonesia,Customer 28,28,Local,2016-10-22,4,Manager 4,4,Manager 4,4,Channel 1,28,Outlet 28,Ice Cream,Market 5,Channel 1,28,4,35,MIX,1,0.9,0.521,Men's Zone,1,0.9,Skin Care,HPC,Market 5,Province 1,IC2016-10-2235,North,Urban,0,0.9,0.385,0,IC,1,1,Area 1,1,Reg 1,Route 1,Territory 1,0.9,0.765,Manager 4,4,Loc 1,Perfumeries and Premium Beauty,No,4,4,4,4,3,0.9,DT,6P
Banner 28,30,5,Drug,City 1,1,Commune 1,Indonesia,Customer 28,28,Local,2016-11-22,5,Manager 4,4,Manager 5,4,Channel 1,30,Outlet 30,Ice Cream,Market 5,Channel 1,30,5,36,MIX,0,0.9,0.182,Men's Zone,0,0.9,Dressings,Foods,Market 5,Province 1,IC2016-11-2236,North,Urban,0,0.9,0.709,0,IC,1,1,Area 1,1,Reg 1,Route 1,Territory 1,0.9,0.05,Manager 4,5,Loc 1,Perfumeries and Premium Beauty,No,3,4,3,4,4,1.48,DT,4P
Banner 28,30,6,Drug,City 1,1,Commune 1,Indonesia,Customer 28,28,Local,2016-08-22,6,Manager 5,5,Manager 6,5,Channel 1,30,Outlet 30,Ice Cream,Market 5,Channel 1,30,6,37,MIX,1,0.9,0.231,Men's Zone,1,0.9,Deodorants,HPC,Market 5,Province 1,HPC&F2016-08-2237,North,Urban,0,0.9,0.301,0,HPC&F,1,1,Area 1,1,Reg 1,Route 1,Territory 1,0.9,0.528,Manager 5,6,Loc 1,Perfumeries and Premium Beauty,No,4,4,4,4,3,1.08,DT,4P
Banner 28,30,7,Drug,City 1,1,Commune 1,Indonesia,Customer 28,28,Local,2016-07-22,7,Manager 5,5,Manager 7,5,Channel 1,30,Outlet 30,Ice Cream,Market 6,Channel 1,30,7,38,MIX,1,0.9,0.115,Men's Zone,1,0.9,Oral Care,HPC,Market 6,Province 1,HPC&F2016-07-2238,North,Urban,0,0.9,0.651,0,HPC&F,1,1,Area 1,1,Reg 1,Route 1,Territory 1,0.9,0.851,Manager 5,7,Loc 1,Perfumeries and Premium Beauty,No,4,4,4,4,9,3.15,DT,4P
Banner 31,31,8,Drug,City 1,1,Commune 1,Indonesia,Customer 31,31,Global,2016-06-22,8,Manager 5,5,Manager 8,5,Channel 1,31,Outlet 31,Ice Cream,Market 6,Channel 1,31,8,39,MIX,1,0.9,0.034,Gifting,1,0.9,Hair,HPC,Market 6,Province 1,IC2016-06-2239,North,Urban,0,0.9,0.444,0,IC,1,1,Area 1,1,Reg 1,Route 1,Territory 1,0.9,0.573,Manager 5,8,Loc 1,Beauty Pharmacy-Chemist,No,4,4,4,4,2,0.74,DT,6P
Banner 31,31,9,Drug,City 1,1,Commune 1,Indonesia,Customer 31,31,Global,2016-09-22,9,Manager 6,6,Manager 9,6,Channel 1,31,Outlet 31,Ice Cream,Market 6,Channel 1,31,9,40,MIX,0,0.9,0.634,Men's Zone,0,0.9,Skin Care,HPC,Market 6,Province 1,HPC&F2016-09-2240,North,Urban,0,0.9,0.304,0,HPC&F,1,1,Area 1,1,Reg 1,Route 1,Territory 1,0.9,0.157,Manager 6,9,Loc 1,Beauty Pharmacy-Chemist,No,3,4,3,4,3,1.17,DT,6P
Banner 31,33,10,Drug,City 1,1,Commune 1,Indonesia,Customer 31,31,Global,2016-10-22,10,Manager 6,6,Manager 10,6,Channel 1,33,Outlet 33,Ice Cream,Market 6,Channel 1,33,10,41,MIX,1,0.9,0.131,Men's Zone,1,0.9,Dressings,Foods,Market 6,Province 1,HPC&F2016-10-2241,North,Urban,0,0.9,0.928,0,HPC&F,1,1,Area 1,1,Reg 1,Route 1,Territory 1,0.9,0.489,Manager 6,10,Loc 1,Beauty Pharmacy-Chemist,No,4,4,4,4,3,1.08,DT,4P
Banner 31,33,6,Drug,City 1,1,Commune 1,Indonesia,Customer 31,31,Global,2016-11-22,6,Manager 6,6,Manager 6,6,Channel 1,33,Outlet 33,Skin Care,Market 1,Channel 1,33,6,42,MIX,1,0.9,0.002,Gifting,1,0.9,Deodorants,HPC,Market 1,Province 1,IC2016-11-2242,North,Urban,0,0.9,0.432,0,IC,1,1,Area 1,1,Reg 1,Route 1,Territory 1,0.9,0.138,Manager 6,6,Loc 1,Beauty Pharmacy-Chemist,No,4,4,4,4,4,1.4,DT,4P
Banner 31,33,7,Drug,City 1,1,Commune 1,Indonesia,Customer 31,31,Global,2016-08-22,7,Manager 7,7,Manager 7,7,Channel 1,33,Outlet 33,Skin Care,Market 1,Channel 1,33,7,43,MIX,1,0.9,0.174,Men's Zone,1,0.9,Oral Care,HPC,Market 1,Province 1,IC2016-08-2243,North,Urban,0,0.9,0.485,0,IC,1,1,Area 1,1,Reg 1,Route 1,Territory 1,0.9,0.961,Manager 7,7,Loc 1,Beauty Pharmacy-Chemist,No,4,4,4,4,4,1.52,DT,4P
Banner 34,36,7,Small / Open Markets,City 1,1,Commune 1,Indonesia,Customer 34,34,Local,2016-07-22,7,Manager 7,7,Manager 7,7,Channel 1,36,Outlet 36,Skin Care,Market 1,Channel 1,36,7,44,MIX,0,0.9,0.829,Gifting,0,0.9,Dressings,Foods,Market 1,Province 1,IC2016-07-2244,North,Urban,0,0.9,0.142,0,IC,1,1,Area 1,1,Reg 1,Route 1,Territory 1,0.9,0.08,Manager 7,7,Loc 1,Mom & Pop,No,3,4,3,4,7,2.24,DT,4P
Banner 34,36,7,Small / Open Markets,City 1,1,Commune 1,Indonesia,Customer 34,34,Local,2016-06-22,7,Manager 7,7,Manager 7,7,Channel 1,36,Outlet 36,Skin Care,Market 1,Channel 1,36,7,45,MIX,0,0.9,0.12,Gifting,0,0.9,Deodorants,HPC,Market 1,Province 1,IC2016-06-2245,North,Urban,0,0.9,0.451,0,IC,1,1,Area 1,1,Reg 1,Route 1,Territory 1,0.9,0.25,Manager 7,7,Loc 1,Mom & Pop,No,3,4,3,4,10,3.9,DT,4P
Banner 34,36,8,Small / Open Markets,City 1,1,Commune 1,Indonesia,Customer 34,34,Local,2016-09-22,8,Manager 8,8,Manager 8,8,Channel 1,36,Outlet 36,Skin Care,Market 1,Channel 1,36,8,46,MIX,0,0.9,0.793,Men's Zone,0,0.9,Oral Care,HPC,Market 1,Province 1,IC2016-09-2246,North,Urban,0,0.9,0.42,0,IC,1,1,Area 1,1,Reg 1,Route 1,Territory 1,0.9,0.942,Manager 8,8,Loc 1,Mom & Pop,No,3,4,3,4,4,1.44,DT,4P
Banner 37,39,8,Small / Open Markets,City 1,1,Commune 1,Indonesia,Customer 37,37,Global,2016-10-22,8,Manager 8,8,Manager 8,8,Channel 1,39,Outlet 39,Skin Care,Market 1,Channel 1,39,8,47,MIX,0,0.9,0.401,Men's Zone,0,0.9,Dressings,Foods,Market 1,Province 1,HPC&F2016-10-2247,North,Urban,0,0.9,0.456,0,HPC&F,1,1,Area 1,1,Reg 1,Route 1,Territory 1,0.9,0.295,Manager 8,8,Loc 1,Market Stalls,No,3,4,3,4,6,1.92,DT,4P
Banner 37,39,8,Small / Open Markets,City 1,1,Commune 1,Indonesia,Customer 37,37,Global,2016-11-22,8,Manager 8,8,Manager 8,8,Channel 1,39,Outlet 39,Skin Care,Market 1,Channel 1,39,8,48,MIX,1,0.9,0.012,Men's Zone,1,0.9,Deodorants,HPC,Market 1,Province 1,HPC&F2016-11-2248,North,Urban,0,0.9,0.094,0,HPC&F,1,1,Area 1,1,Reg 1,Route 1,Territory 1,0.9,0.917,Manager 8,8,Loc 1,Market Stalls,No,4,4,4,4,6,2.1,DT,4P
Banner 37,39,1,Small / Open Markets,City 1,1,Commune 1,Indonesia,Customer 37,37,Global,2016-08-22,1,Manager 1,1,Manager 1,1,Channel 1,39,Outlet 39,Skin Care,Market 2,Channel 1,39,1,49,MIX,1,0.9,0.802,Gifting,1,0.9,Oral Care,HPC,Market 2,Province 1,HPC&F2016-08-2249,North,Urban,0,0.9,0.452,0,HPC&F,1,1,Area 1,1,Reg 1,Route 1,Territory 1,0.9,0.625,Manager 1,1,Loc 1,Market Stalls,No,4,4,4,4,5,1.55,DT,4P
Banner 40,40,1,Independent (family grocer),City 1,1,Commune 1,Indonesia,Customer 40,40,Global,2016-07-22,1,Manager 1,1,Manager 1,1,Channel 1,40,Outlet 40,Skin Care,Market 2,Channel 1,40,1,50,MIX,1,0.9,0.675,Gifting,1,0.9,Hair,HPC,Market 2,Province 1,HPC&F2016-07-2250,North,Urban,0,0.9,0.414,0,HPC&F,1,1,Area 1,1,Reg 1,Route 1,Territory 1,0.9,0.306,Manager 1,1,Loc 1,Independent (family grocer),No,4,4,4,4,9,3.42,DT,6P
Banner 40,40,1,Independent (family grocer),City 1,1,Commune 1,Indonesia,Customer 40,40,Global,2016-06-22,1,Manager 1,1,Manager 1,1,Channel 1,40,Outlet 40,Hair,Market 3,Channel 1,40,1,51,MIX,0,0.9,0.637,Men's Zone,0,0.9,Skin Care,HPC,Market 3,Province 1,HPC&F2016-06-2251,North,Urban,0,0.9,0.412,0,HPC&F,1,1,Area 1,1,Reg 1,Route 1,Territory 1,0.9,0.694,Manager 1,1,Loc 1,Independent (family grocer),No,3,4,3,4,6,2.04,DT,6P
Banner 40,42,2,Independent (family grocer),City 1,1,Commune 1,Indonesia,Customer 40,40,Global,2016-09-22,2,Manager 2,2,Manager 2,2,Channel 1,42,Outlet 42,Hair,Market 3,Channel 1,42,2,52,MIX,0,0.9,0.727,Gifting,0,0.9,Dressings,Foods,Market 3,Province 1,IC2016-09-2252,North,Urban,0,0.9,0.926,0,IC,1,1,Area 1,1,Reg 1,Route 1,Territory 1,0.9,0.214,Manager 2,2,Loc 1,Independent (family grocer),No,3,4,3,4,4,1.6,DT,4P
Banner 40,42,2,Independent (family grocer),City 1,1,Commune 1,Indonesia,Customer 40,40,Global,2016-10-22,2,Manager 2,2,Manager 2,2,Channel 1,42,Outlet 42,Hair,Market 4,Channel 1,42,2,53,MIX,0,0.9,0.161,Men's Zone,0,0.9,Deodorants,HPC,Market 4,Province 1,HPC&F2016-10-2253,North,Urban,0,0.9,0.245,0,HPC&F,1,1,Area 1,1,Reg 1,Route 1,Territory 1,0.9,0.665,Manager 2,2,Loc 1,Independent (family grocer),No,1,4,1,4,4,1.36,DT,4P
Banner 40,42,2,Independent (family grocer),City 1,1,Commune 1,Indonesia,Customer 40,40,Global,2016-11-22,2,Manager 2,2,Manager 2,2,Channel 1,42,Outlet 42,Hair,Market 4,Channel 1,42,2,54,MIX,1,0.9,0.224,Gifting,1,0.9,Oral Care,HPC,Market 4,Province 1,IC2016-11-2254,North,Urban,0,0.9,0.73,0,IC,1,1,Area 1,1,Reg 1,Route 1,Territory 1,0.9,0.012,Manager 2,2,Loc 1,Independent (family grocer),No,4,4,4,4,2,0.74,DT,4P
Banner 43,43,3,Convenience,City 1,1,Commune 1,Indonesia,Customer 43,43,Global,2016-08-22,3,Manager 3,3,Manager 3,3,Channel 1,43,Outlet 43,Hair,Market 4,Channel 1,43,3,55,MIX,1,0.9,0.39,Gifting,1,0.9,Hair,HPC,Market 4,Province 1,HPC&F2016-08-2255,North,Urban,0,0.9,0.947,0,HPC&F,1,1,Area 1,1,Reg 1,Route 1,Territory 1,0.9,0.106,Manager 3,3,Loc 1,Convenience,No,4,4,4,4,8,2.96,DT,6P
Banner 43,43,3,Convenience,City 1,1,Commune 1,Indonesia,Customer 43,43,Global,2016-07-22,3,Manager 3,3,Manager 3,3,Channel 1,43,Outlet 43,Ice Cream,Market 5,Channel 1,43,3,56,MIX,1,0.9,0.726,Gifting,1,0.9,Skin Care,HPC,Market 5,Province 1,HPC&F2016-07-2256,North,Urban,0,0.9,0.768,0,HPC&F,1,1,Area 1,1,Reg 1,Route 1,Territory 1,0.9,0.281,Manager 3,3,Loc 1,Convenience,No,4,4,4,4,8,3.2,DT,6P
Banner 43,45,3,Convenience,City 1,1,Commune 1,Indonesia,Customer 43,43,Global,2016-06-22,3,Manager 3,3,Manager 3,3,Channel 1,45,Outlet 45,Ice Cream,Market 5,Channel 1,45,3,57,MIX,1,0.9,0.207,Gifting,1,0.9,Dressings,Foods,Market 5,Province 1,HPC&F2016-06-2257,North,Urban,0,0.9,0.92,0,HPC&F,1,1,Area 1,1,Reg 1,Route 1,Territory 1,0.9,0.711,Manager 3,3,Loc 1,Convenience,No,4,4,4,4,6,2.28,DT,4P
Banner 43,45,4,Convenience,City 1,1,Commune 1,Indonesia,Customer 43,43,Global,2016-09-22,4,Manager 4,4,Manager 4,4,Channel 1,45,Outlet 45,Ice Cream,Market 5,Channel 1,45,4,58,MIX,0,0.9,0.866,Gifting,0,0.9,Deodorants,HPC,Market 5,Province 1,HPC&F2016-09-2258,North,Urban,0,0.9,0.482,0,HPC&F,1,1,Area 1,1,Reg 1,Route 1,Territory 1,0.9,0.771,Manager 4,4,Loc 1,Convenience,No,2,4,2,4,6,1.8,DT,4P
Banner 43,45,4,Convenience,City 1,1,Commune 1,Indonesia,Customer 43,43,Global,2016-10-22,4,Manager 4,4,Manager 4,4,Channel 10,45,Outlet 45,Ice Cream,Market 6,Channel 10,45,4,59,MIX,0,0.9,0.456,Gifting,0,0.9,Oral Care,HPC,Market 6,Province 1,IC2016-10-2259,North,Urban,0,0.9,0.172,0,IC,1,1,Area 1,1,Reg 1,Route 1,Territory 1,0.9,0.589,Manager 4,4,Loc 1,Convenience,No,3,4,3,4,3,1.11,DT,4P
Banner 46,46,4,On Premise / Impulse,City 1,1,Commune 1,Indonesia,Customer 46,46,Local,2016-11-22,4,Manager 4,4,Manager 4,4,Channel 10,46,Outlet 46,Ice Cream,Market 6,Channel 10,46,4,60,MIX,1,0.9,0.288,Men's Zone,1,0.9,Hair,HPC,Market 6,Province 1,HPC&F2016-11-2260,North,Urban,0,0.9,0.062,0,HPC&F,1,1,Area 1,1,Reg 1,Route 1,Territory 1,0.9,0.12,Manager 4,4,Loc 1,Mobile / Vending / Kiosks,No,4,4,4,4,9,3.51,DT,6P
Banner 46,46,5,On Premise / Impulse,City 1,1,Commune 1,Indonesia,Customer 46,46,Local,2016-08-22,5,Manager 5,5,Manager 5,5,Channel 10,46,Outlet 46,Ice Cream,Market 6,Channel 10,46,5,61,MIX,1,0.9,0.458,Gifting,1,0.9,Skin Care,HPC,Market 6,Province 1,HPC&F2016-08-2261,North,Urban,0,0.9,0.581,0,HPC&F,1,1,Area 1,1,Reg 1,Route 1,Territory 1,0.9,0.544,Manager 5,5,Loc 1,Mobile / Vending / Kiosks,No,4,4,4,4,5,1.65,DT,6P
Banner 46,48,5,On Premise / Impulse,City 1,1,Commune 1,Indonesia,Customer 46,46,Local,2016-07-22,5,Manager 5,5,Manager 5,5,Channel 10,48,Outlet 48,Ice Cream,Market 6,Channel 10,48,5,62,MIX,0,0.9,0.5,Men's Zone,0,0.9,Dressings,Foods,Market 6,Province 1,IC2016-07-2262,North,Urban,0,0.9,0.019,0,IC,1,1,Area 1,1,Reg 1,Route 1,Territory 1,0.9,0.525,Manager 5,5,Loc 1,Mobile / Vending / Kiosks,No,2,4,2,4,2,0.68,DT,4P
Banner 46,48,1,On Premise / Impulse,City 1,1,Commune 1,Indonesia,Customer 46,46,Local,2016-06-22,1,Manager 5,5,Manager 1,5,Channel 10,48,Outlet 48,Skin Care,Market 1,Channel 10,48,1,63,MIX,0,0.9,0.774,Gifting,0,0.9,Deodorants,HPC,Market 1,Province 1,HPC&F2016-06-2263,North,Urban,0,0.9,0.732,0,HPC&F,1,1,Area 1,1,Reg 1,Route 1,Territory 1,0.9,0.423,Manager 5,1,Loc 1,Mobile / Vending / Kiosks,No,3,4,3,4,3,1.14,DT,4P
Banner 46,48,2,On Premise / Impulse,City 1,1,Commune 1,Indonesia,Customer 46,46,Local,2016-09-22,2,Manager 6,6,Manager 2,6,Channel 10,48,Outlet 48,Skin Care,Market 1,Channel 10,48,2,64,MIX,1,0.9,0.784,Men's Zone,1,0.9,Oral Care,HPC,Market 1,Province 1,IC2016-09-2264,North,Urban,0,0.9,0.396,0,IC,1,1,Area 1,1,Reg 1,Route 1,Territory 1,0.9,0.97,Manager 6,2,Loc 1,Mobile / Vending / Kiosks,No,4,4,4,4,2,0.66,DT,4P
Banner 49,49,3,On Premise / Impulse,City 1,1,Commune 1,Indonesia,Customer 49,49,Global,2016-10-22,3,Manager 6,6,Manager 3,6,Channel 10,49,Outlet 49,Skin Care,Market 1,Channel 10,49,3,65,MIX,1,0.9,0.537,Gifting,1,0.9,Hair,HPC,Market 1,Province 1,IC2016-10-2265,North,Urban,0,0.9,0.889,0,IC,1,1,Area 1,1,Reg 1,Route 1,Territory 1,0.9,0.799,Manager 6,3,Loc 1,Hotels / Restaurants,No,4,4,4,4,10,3.1,DT,6P
Banner 49,49,4,On Premise / Impulse,City 1,1,Commune 1,Indonesia,Customer 49,49,Global,2016-11-22,4,Manager 6,6,Manager 4,6,Channel 10,49,Outlet 49,Skin Care,Market 1,Channel 10,49,4,66,MIX,0,0.9,0.765,Men's Zone,0,0.9,Skin Care,HPC,Market 1,Province 1,IC2016-11-2266,North,Urban,0,0.9,0.621,0,IC,1,1,Area 1,1,Reg 1,Route 1,Territory 1,0.9,0.484,Manager 6,4,Loc 1,Hotels / Restaurants,No,3,4,3,4,10,3.4,DT,6P
Banner 49,51,5,On Premise / Impulse,City 1,1,Commune 1,Indonesia,Customer 49,49,Global,2016-08-22,5,Manager 7,7,Manager 5,7,Channel 10,51,Outlet 51,Skin Care,Market 1,Channel 10,51,5,67,MIX,0,0.9,0.008,Gifting,0,0.9,Dressings,Foods,Market 1,Province 1,HPC&F2016-08-2267,North,Urban,0,0.9,0.348,0,HPC&F,1,1,Area 1,1,Reg 1,Route 1,Territory 1,0.9,0.744,Manager 7,5,Loc 1,Hotels / Restaurants,No,3,4,3,4,10,3.4,DT,4P
Banner 49,51,6,On Premise / Impulse,City 1,1,Commune 1,Indonesia,Customer 49,49,Global,2016-07-22,6,Manager 7,7,Manager 6,7,Channel 10,51,Outlet 51,Skin Care,Market 1,Channel 10,51,6,68,MIX,1,0.9,0.519,Men's Zone,1,0.9,Deodorants,HPC,Market 1,Province 1,HPC&F2016-07-2268,North,Urban,0,0.9,0.14,0,HPC&F,1,1,Area 1,1,Reg 1,Route 1,Territory 1,0.9,0.429,Manager 7,6,Loc 1,Hotels / Restaurants,No,4,4,4,4,8,2.72,DT,4P
Banner 49,51,7,On Premise / Impulse,City 1,1,Commune 1,Indonesia,Customer 49,49,Global,2016-06-22,7,Manager 7,7,Manager 7,7,Channel 10,51,Outlet 51,Skin Care,Market 1,Channel 10,51,7,69,MIX,1,0.9,0.504,Gifting,1,0.9,Oral Care,HPC,Market 1,Province 1,IC2016-06-2269,North,Urban,0,0.9,0.297,0,IC,1,1,Area 1,1,Reg 1,Route 1,Territory 1,0.9,0.682,Manager 7,7,Loc 1,Hotels / Restaurants,No,4,4,4,4,2,0.6,DT,4P
Banner 52,52,8,On Premise / Impulse,City 1,1,Commune 1,Indonesia,Customer 52,52,Global,2016-09-22,8,Manager 8,8,Manager 8,8,Channel 10,52,Outlet 52,Skin Care,Market 2,Channel 10,52,8,70,MIX,1,0.9,0.335,Men's Zone,1,0.9,Hair,HPC,Market 2,Province 1,IC2016-09-2270,North,Urban,0,0.9,0.989,0,IC,1,1,Area 1,1,Reg 1,Route 1,Territory 1,0.9,0.43,Manager 8,8,Loc 1,Cafes / Snack Bars / Bars,No,4,4,4,4,8,3.12,DT,6P
Banner 52,52,9,On Premise / Impulse,City 1,1,Commune 1,Indonesia,Customer 52,52,Global,2016-10-22,9,Manager 8,8,Manager 9,8,Channel 10,52,Outlet 52,Skin Care,Market 2,Channel 10,52,9,71,MIX,1,0.9,0.252,Men's Zone,1,0.9,Skin Care,HPC,Market 2,Province 1,IC2016-10-2271,North,Urban,0,0.9,0.174,0,IC,1,1,Area 1,1,Reg 1,Route 1,Territory 1,0.9,0.785,Manager 8,9,Loc 1,Cafes / Snack Bars / Bars,No,4,4,4,4,9,3.15,DT,6P
Banner 52,54,10,On Premise / Impulse,City 1,1,Commune 1,Indonesia,Customer 52,52,Global,2016-11-22,10,Manager 8,8,Manager 10,8,Channel 10,54,Outlet 54,Hair,Market 3,Channel 10,54,10,72,MIX,1,0.9,0.373,Gifting,1,0.9,Dressings,Foods,Market 3,Province 1,HPC&F2016-11-2272,North,Urban,0,0.9,0.804,0,HPC&F,1,1,Area 1,1,Reg 1,Route 1,Territory 1,0.9,0.201,Manager 8,10,Loc 1,Cafes / Snack Bars / Bars,No,4,4,4,4,2,0.72,DT,4P
Banner 52,54,1,On Premise / Impulse,City 1,1,Commune 1,Indonesia,Customer 52,52,Global,2016-08-22,1,Manager 1,1,Manager 1,1,Channel 10,54,Outlet 54,Hair,Market 3,Channel 10,54,1,73,MIX,0,0.9,0.15,Gifting,0,0.9,Deodorants,HPC,Market 3,Province 1,HPC&F2016-08-2273,North,Urban,0,0.9,0.088,0,HPC&F,1,1,Area 1,1,Reg 1,Route 1,Territory 1,0.9,0.983,Manager 1,1,Loc 1,Cafes / Snack Bars / Bars,No,3,4,3,4,6,1.86,DT,4P
Banner 52,54,1,On Premise / Impulse,City 1,1,Commune 1,Indonesia,Customer 52,52,Global,2016-07-22,1,Manager 1,1,Manager 1,1,Channel 10,54,Outlet 54,Hair,Market 4,Channel 10,54,1,74,MIX,1,0.9,0.519,Gifting,1,0.9,Oral Care,HPC,Market 4,Province 1,HPC&F2016-07-2274,North,Urban,0,0.9,0.275,0,HPC&F,1,1,Area 1,1,Reg 1,Route 1,Territory 1,0.9,0.068,Manager 1,1,Loc 1,Cafes / Snack Bars / Bars,No,4,4,4,4,5,1.65,DT,4P
Banner 55,55,1,On Premise / Impulse,City 1,1,Commune 1,Indonesia,Customer 55,55,Global,2016-06-22,1,Manager 1,1,Manager 1,2,Channel 10,55,Outlet 55,Hair,Market 4,Channel 10,55,1,75,MIX,0,0.9,0.074,Gifting,0,0.9,Hair,HPC,Market 4,Province 1,HPC&F2016-06-2275,North,Urban,0,0.9,0.881,0,HPC&F,1,1,Area 1,1,Reg 1,Route 1,Territory 1,0.9,0.712,Manager 2,1,Loc 1,SCO Services / Companies / Offices,No,3,4,3,4,5,1.75,DT,6P
Banner 55,55,2,On Premise / Impulse,City 1,1,Commune 1,Indonesia,Customer 55,55,Global,2016-09-22,2,Manager 2,2,Manager 2,3,Channel 10,55,Outlet 55,Hair,Market 4,Channel 10,55,2,76,MIX,0,0.9,0.103,Gifting,0,0.9,Skin Care,HPC,Market 4,Province 1,HPC&F2016-09-2276,North,Urban,0,0.9,0.499,0,HPC&F,1,1,Area 1,1,Reg 1,Route 1,Territory 1,0.9,0.152,Manager 3,2,Loc 1,SCO Services / Companies / Offices,No,3,4,3,4,7,2.24,DT,6P
Banner 55,57,2,On Premise / Impulse,City 1,1,Commune 1,Indonesia,Customer 55,55,Global,2016-10-22,2,Manager 2,2,Manager 2,4,Channel 10,57,Outlet 57,Ice Cream,Market 5,Channel 10,57,2,77,MIX,1,0.9,0.709,Gifting,1,0.9,Dressings,Foods,Market 5,Province 1,HPC&F2016-10-2277,North,Urban,0,0.9,0.171,0,HPC&F,1,1,Area 1,1,Reg 1,Route 1,Territory 1,0.9,0.858,Manager 4,2,Loc 1,SCO Services / Companies / Offices,No,4,4,4,4,4,1.36,DT,4P
Banner 55,57,2,On Premise / Impulse,City 1,1,Commune 1,Indonesia,Customer 55,55,Global,2016-11-22,2,Manager 2,2,Manager 2,5,Channel 10,57,Outlet 57,Ice Cream,Market 5,Channel 10,57,2,78,MIX,1,0.9,0.268,Gifting,1,0.9,Deodorants,HPC,Market 5,Province 1,HPC&F2016-11-2278,North,Urban,0,0.9,0.877,0,HPC&F,1,1,Area 1,1,Reg 1,Route 1,Territory 1,0.9,0.264,Manager 5,2,Loc 1,SCO Services / Companies / Offices,No,4,4,4,4,2,0.64,DT,4P
Banner 55,57,3,On Premise / Impulse,City 1,1,Commune 1,Indonesia,Customer 55,55,Global,2016-08-22,3,Manager 3,3,Manager 3,6,Channel 10,57,Outlet 57,Ice Cream,Market 5,Channel 10,57,3,79,MIX,0,0.9,0.98,Gifting,0,0.9,Oral Care,HPC,Market 5,Province 1,HPC&F2016-08-2279,North,Urban,0,0.9,0.095,0,HPC&F,1,1,Area 1,1,Reg 1,Route 1,Territory 1,0.9,0.665,Manager 6,3,Loc 1,SCO Services / Companies / Offices,No,3,4,3,4,5,1.55,DT,4P
Banner 58,58,3,On Premise / Impulse,City 1,1,Commune 1,Indonesia,Customer 58,58,Local,2016-07-22,3,Manager 3,3,Manager 3,7,Channel 10,58,Outlet 58,Ice Cream,Market 6,Channel 10,58,3,80,MIX,0,0.9,0.736,Gifting,0,0.9,Hair,HPC,Market 6,Province 1,IC2016-07-2280,North,Urban,0,0.9,0.839,0,IC,1,1,Area 1,1,Reg 1,Route 1,Territory 1,0.9,0.451,Manager 7,3,Loc 1,Travel & Leisure,No,3,4,3,4,4,1.2,DT,6P
Banner 58,58,3,On Premise / Impulse,City 1,1,Commune 1,Indonesia,Customer 58,58,Local,2016-06-22,3,Manager 3,3,Manager 3,8,Channel 10,58,Outlet 58,Ice Cream,Market 6,Channel 10,58,3,81,MIX,1,0.9,0.569,Men's Zone,1,0.9,Skin Care,HPC,Market 6,Province 1,IC2016-06-2281,North,Urban,0,0.9,0.13,0,IC,1,1,Area 1,1,Reg 1,Route 1,Territory 1,0.9,0.95,Manager 8,3,Loc 1,Travel & Leisure,No,4,4,4,4,7,2.66,DT,6P
Banner 58,60,4,On Premise / Impulse,City 1,1,Commune 1,Indonesia,Customer 58,58,Local,2016-09-22,4,Manager 4,4,Manager 4,9,Channel 10,60,Outlet 60,Ice Cream,Market 6,Channel 10,60,4,82,MIX,1,0.9,0.781,Gifting,1,0.9,Dressings,Foods,Market 6,Province 1,IC2016-09-2282,North,Urban,0,0.9,0.479,0,IC,1,1,Area 1,1,Reg 1,Route 1,Territory 1,0.9,0.723,Manager 9,4,Loc 1,Travel & Leisure,No,4,4,4,4,9,2.79,DT,4P
Banner 58,60,4,On Premise / Impulse,City 1,1,Commune 1,Indonesia,Customer 58,58,Local,2016-10-22,4,Manager 4,4,Manager 4,10,Channel 10,60,Outlet 60,Ice Cream,Market 6,Channel 10,60,4,83,MIX,0,0.9,0.311,Gifting,0,0.9,Deodorants,HPC,Market 6,Province 1,IC2016-10-2283,North,Urban,0,0.9,0.523,0,IC,1,1,Area 1,1,Reg 1,Route 1,Territory 1,0.9,0.965,Manager 10,4,Loc 1,Travel & Leisure,No,3,4,3,4,6,2.34,DT,4P
Banner 58,60,4,On Premise / Impulse,City 1,1,Commune 1,Indonesia,Customer 58,58,Local,2016-11-22,4,Manager 4,4,Manager 4,4,Channel 10,60,Outlet 60,Skin Care,Market 1,Channel 10,60,4,84,MIX,1,0.9,0.874,Gifting,1,0.9,Oral Care,HPC,Market 1,Province 1,IC2016-11-2284,North,Urban,0,0.9,0.494,0,IC,1,1,Area 1,1,Reg 1,Route 1,Territory 1,0.9,0.838,Manager 4,4,Loc 1,Travel & Leisure,No,4,4,4,4,4,1.2,DT,4P
Banner 61,61,5,On Premise / Impulse,City 1,1,Commune 1,Indonesia,Customer 61,61,Global,2016-08-22,5,Manager 5,5,Manager 5,5,Channel 10,61,Outlet 61,Skin Care,Market 1,Channel 10,61,5,85,MIX,1,0.9,0.249,Men's Zone,1,0.9,Hair,HPC,Market 1,Province 1,HPC&F2016-08-2285,North,Urban,0,0.9,0.63,0,HPC&F,1,1,Area 1,1,Reg 1,Route 1,Territory 1,0.9,0.702,Manager 5,5,Loc 1,Institutions education / government,No,4,4,4,4,3,1.14,DT,6P
Banner 61,61,5,On Premise / Impulse,City 1,1,Commune 1,Indonesia,Customer 61,61,Global,2016-07-22,5,Manager 5,5,Manager 5,6,Channel 10,61,Outlet 61,Skin Care,Market 1,Channel 10,61,5,86,MIX,0,0.9,0.625,Men's Zone,0,0.9,Skin Care,HPC,Market 1,Province 1,IC2016-07-2286,North,Urban,0,0.9,0.953,0,IC,1,1,Area 1,1,Reg 1,Route 1,Territory 1,0.9,0.741,Manager 6,5,Loc 1,Institutions education / government,No,3,4,3,4,4,1.4,DT,6P
Banner 61,63,5,On Premise / Impulse,City 1,1,Commune 1,Indonesia,Customer 61,61,Global,2016-06-22,5,Manager 5,5,Manager 5,7,Channel 10,63,Outlet 63,Skin Care,Market 1,Channel 10,63,5,87,MIX,0,0.9,0.247,Men's Zone,0,0.9,Dressings,Foods,Market 1,Province 1,IC2016-06-2287,North,Urban,0,0.9,0.476,0,IC,1,1,Area 1,1,Reg 1,Route 1,Territory 1,0.9,0.063,Manager 7,5,Loc 1,Institutions education / government,No,3,4,3,4,10,4,DT,4P
Banner 61,63,6,On Premise / Impulse,City 1,1,Commune 1,Indonesia,Customer 61,61,Global,2016-09-22,6,Manager 6,6,Manager 6,5,Channel 10,63,Outlet 63,Skin Care,Market 1,Channel 10,63,6,88,MIX,0,0.9,0.626,Gifting,0,0.9,Deodorants,HPC,Market 1,Province 1,IC2016-09-2288,North,Urban,0,0.9,0.213,0,IC,1,1,Area 1,1,Reg 1,Route 1,Territory 1,0.9,0.835,Manager 5,6,Loc 1,Institutions education / government,No,3,4,3,4,10,3.9,DT,4P
Banner 61,63,6,On Premise / Impulse,City 1,1,Commune 1,Indonesia,Customer 61,61,Global,2016-10-22,6,Manager 6,6,Manager 6,6,Channel 10,63,Outlet 63,Skin Care,Market 1,Channel 10,63,6,89,MIX,0,0.9,0.38,Gifting,0,0.9,Oral Care,HPC,Market 1,Province 1,IC2016-10-2289,North,Urban,0,0.9,0.371,0,IC,1,1,Area 1,1,Reg 1,Route 1,Territory 1,0.9,0.832,Manager 6,6,Loc 1,Institutions education / government,No,3,4,3,4,7,2.45,DT,4P
Banner 64,64,6,On Premise / Impulse,City 1,1,Commune 1,Indonesia,Customer 64,64,Global,2016-11-22,6,Manager 6,6,Manager 6,7,Channel 10,64,Outlet 64,Skin Care,Market 1,Channel 10,64,6,90,MIX,1,0.9,0.716,Men's Zone,1,0.9,Hair,HPC,Market 1,Province 1,HPC&F2016-11-2290,North,Urban,0,0.9,0.882,0,HPC&F,1,1,Area 1,1,Reg 1,Route 1,Territory 1,0.9,0.27,Manager 7,6,Loc 1,Non-food retail,No,4,4,4,4,10,3.7,DT,6P
Banner 64,64,7,On Premise / Impulse,City 1,1,Commune 1,Indonesia,Customer 64,64,Global,2016-08-22,7,Manager 7,7,Manager 7,8,Channel 10,64,Outlet 64,Skin Care,Market 2,Channel 10,64,7,91,MIX,1,0.9,0.282,Gifting,1,0.9,Skin Care,HPC,Market 2,Province 1,IC2016-08-2291,North,Urban,0,0.9,0.616,0,IC,1,1,Area 1,1,Reg 1,Route 1,Territory 1,0.9,0.97,Manager 8,7,Loc 1,Non-food retail,No,4,4,4,4,8,2.64,DT,6P
Banner 64,66,7,On Premise / Impulse,City 1,1,Commune 1,Indonesia,Customer 64,64,Global,2016-07-22,7,Manager 7,7,Manager 7,9,Channel 10,66,Outlet 66,Skin Care,Market 2,Channel 10,66,7,92,MIX,0,0.9,0.223,Gifting,0,0.9,Dressings,Foods,Market 2,Province 1,IC2016-07-2292,North,Urban,0,0.9,0.819,0,IC,1,1,Area 1,1,Reg 1,Route 1,Territory 1,0.9,0.246,Manager 9,7,Loc 1,Non-food retail,No,3,4,3,4,2,0.68,DT,4P
Banner 64,66,7,On Premise / Impulse,City 1,1,Commune 1,Indonesia,Customer 64,64,Global,2016-06-22,7,Manager 7,7,Manager 7,10,Channel 10,66,Outlet 66,Hair,Market 3,Channel 10,66,7,93,MIX,1,0.9,0.196,Gifting,1,0.9,Deodorants,HPC,Market 3,Province 1,HPC&F2016-06-2293,North,Urban,0,0.9,0.679,0,HPC&F,1,1,Area 1,1,Reg 1,Route 1,Territory 1,0.9,0.677,Manager 10,7,Loc 1,Non-food retail,No,4,4,4,4,4,1.4,DT,4P
Banner 64,66,8,On Premise / Impulse,City 1,1,Commune 1,Indonesia,Customer 64,64,Global,2016-09-22,8,Manager 8,8,Manager 8,8,Channel 10,66,Outlet 66,Hair,Market 3,Channel 10,66,8,94,MIX,0,0.9,0.159,Gifting,0,0.9,Oral Care,HPC,Market 3,Province 1,HPC&F2016-09-2294,North,Urban,0,0.9,0.641,0,HPC&F,1,1,Area 1,1,Reg 1,Route 1,Territory 1,0.9,0.777,Manager 8,8,Loc 1,Non-food retail,No,3,4,3,4,8,2.56,DT,4P
Banner 1,1,8,Hypermarket,City 1,1,Commune 1,Indonesia,Customer 1,1,Global,2016-10-22,8,Manager 8,8,Manager 8,8,Channel 10,1,Outlet 1,Hair,Market 4,Channel 10,1,8,95,MIX,1,0.9,0.031,Gifting,1,0.9,Skin Care,HPC,Market 4,Province 1,IC2016-10-2295,North,Urban,1,0.9,1,0,IC,1,1,Area 1,1,Reg 1,Route 1,Territory 1,0.9,0.028,Manager 8,8,Loc 1,Hypermarket,Yes,4,4,4,4,2,0.8,MT,6P
Banner 10,10,8,Discounters,City 1,1,Commune 1,Indonesia,Customer 10,10,Global,2016-11-22,8,Manager 8,8,Manager 8,8,Channel 10,10,Outlet 10,Hair,Market 4,Channel 10,10,8,96,MIX,0,0.9,0.023,Gifting,0,0.9,Skin Care,HPC,Market 4,Province 1,IC2016-11-2296,North,Urban,1,0.9,0.825,0,IC,1,1,Area 1,1,Reg 1,Route 1,Territory 1,0.9,0.526,Manager 8,8,Loc 1,Discounters,No,3,4,3,4,4,1.6,MT,6P
Banner 13,13,1,Club,City 1,1,Commune 1,Indonesia,Customer 13,13,Global,2016-08-22,1,Manager 1,1,Manager 1,1,Channel 10,13,Outlet 13,Hair,Market 4,Channel 10,13,1,97,MIX,1,0.9,0.295,Men's Zone,1,0.9,Skin Care,HPC,Market 4,Province 1,HPC&F2016-08-2297,North,Urban,1,0.9,0.626,0,HPC&F,1,1,Area 1,1,Reg 1,Route 1,Territory 1,0.9,0.732,Manager 1,1,Loc 1,Club,No,4,4,4,4,9,2.88,MT,6P
Banner 16,16,1,Direct,City 1,1,Commune 1,Indonesia,Customer 16,16,Local,2016-07-22,1,Manager 1,1,Manager 1,2,Channel 10,16,Outlet 16,Ice Cream,Market 5,Channel 10,16,1,98,MIX,1,0.9,0.006,Gifting,1,0.9,Skin Care,HPC,Market 5,Province 1,IC2016-07-2298,North,Urban,1,0.9,0.515,0,IC,1,1,Area 1,1,Reg 1,Route 1,Territory 1,0.9,0.089,Manager 2,1,Loc 1,E-Commerce,No,4,4,4,4,5,1.85,MT,6P
Banner 19,19,1,Direct,City 1,1,Commune 1,Indonesia,Customer 19,19,Global,2016-06-22,1,Manager 1,1,Manager 1,3,Channel 10,19,Outlet 19,Ice Cream,Market 5,Channel 10,19,1,99,MIX,0,0.9,0.27,Men's Zone,0,0.9,Skin Care,HPC,Market 5,Province 1,HPC&F2016-06-2299,North,Urban,0,0.9,0.504,0,HPC&F,1,1,Area 1,1,Reg 1,Route 1,Territory 1,0.9,0.341,Manager 3,1,Loc 1,Direct Sales,No,2,4,2,4,2,0.68,MT,6P
Banner 22,22,2,Drug,City 1,1,Commune 1,Indonesia,Customer 22,22,Global,2016-09-22,2,Manager 2,2,Manager 2,4,Channel 10,22,Outlet 22,Ice Cream,Market 5,Channel 10,22,2,100,MIX,1,0.9,0.289,Gifting,0,0.9,Skin Care,HPC,Market 5,Province 1,HPC&F2016-09-22100,North,Urban,0,0.9,0.205,0,HPC&F,1,1,Area 1,1,Reg 1,Route 1,Territory 1,0.9,0.855,Manager 4,2,Loc 1,Mainstream Drugstores,No,4,4,4,4,9,2.79,MT,6P
Banner 25,25,2,MT,City 1,1,Commune 1,Indonesia,Customer 25,25,Global,2016-10-22,2,Manager 2,2,Manager 2,5,Channel 10,25,Outlet 25,Ice Cream,Market 6,Channel 10,25,2,101,MIX,1,0.9,0.677,Gifting,1,0.9,Skin Care,HPC,Market 6,Province 1,HPC&F2016-10-22101,North,Urban,1,0.9,0.443,0,HPC&F,1,1,Area 1,1,Reg 1,Route 1,Territory 1,0.9,0.764,Manager 5,2,Loc 1,Mass Merchandiser (non-grocery),No,4,4,4,4,6,2.16,MT,6P
